descriptor,scaler,cluster_class,cluster_class_params,labels,n_clusters,calinski_harabasz_score,davies_bouldin_score
efficientnet-b7,norm,KMeans,{'n_clusters': 2},[1 1 1 ... 1 1 1],2,1.4954468845765527,0.8104323781522458
efficientnet-b7,norm,KMeans,{'n_clusters': 3},[2 2 2 ... 2 2 2],3,1.0678413324816771,0.9838718460714473
efficientnet-b7,norm,KMeans,{'n_clusters': 4},[3 2 2 ... 3 2 2],4,51.00628010330421,8.59620778500862
efficientnet-b7,norm,KMeans,{'n_clusters': 5},[4 4 3 ... 3 4 4],5,39.24745603956851,7.135237140591012
efficientnet-b7,norm,KMeans,{'n_clusters': 6},[2 2 2 ... 2 2 2],6,1.3606031559604888,1.214462183290007
efficientnet-b7,norm,KMeans,{'n_clusters': 7},[4 4 5 ... 5 5 4],7,22.75286674391899,4.808524160838132
efficientnet-b7,norm,KMeans,{'n_clusters': 8},[1 4 4 ... 4 6 6],8,40.53260097493043,6.271614233958891
efficientnet-b7,norm,KMeans,{'n_clusters': 9},[2 1 1 ... 5 2 2],9,38.34626087828502,5.3017177637297115
efficientnet-b7,norm,KMeans,{'n_clusters': 10},[4 6 6 ... 5 4 4],10,43.86758850051311,5.800986613233961
efficientnet-b7,norm,KMeans,{'n_clusters': 11},[2 5 5 ... 6 6 6],11,28.578183234453224,4.93597051363499
efficientnet-b7,norm,KMeans,{'n_clusters': 12},[2 5 5 ... 5 2 2],12,17.01217369541121,3.4601496999866597
efficientnet-b7,norm,KMeans,{'n_clusters': 13},[11  1  1 ...  1  4 11],13,25.46847119064534,4.098099507832085
efficientnet-b7,norm,KMeans,{'n_clusters': 14},[10 13  4 ...  5  5 10],14,36.69804948913428,5.567403871954598
efficientnet-b7,norm,KMeans,{'n_clusters': 15},[ 9  6 13 ... 12  4 11],15,44.84811116096011,6.1681075833344625
efficientnet-b7,std,KMeans,{'n_clusters': 2},[1 1 1 ... 1 1 1],2,1.4906295799002927,0.8117432290283675
efficientnet-b7,std,KMeans,{'n_clusters': 3},[2 2 2 ... 2 2 2],3,1.1404497285102948,1.7934729810400558
efficientnet-b7,std,KMeans,{'n_clusters': 4},[3 2 2 ... 3 3 3],4,41.29180398909343,9.521993906582136
efficientnet-b7,std,KMeans,{'n_clusters': 5},[4 4 4 ... 4 4 4],5,1.0213020761167846,1.4622097741394207
efficientnet-b7,std,KMeans,{'n_clusters': 6},[2 2 4 ... 4 2 2],6,23.302341789231132,6.966000786361929
efficientnet-b7,std,KMeans,{'n_clusters': 7},[3 5 3 ... 5 5 3],7,19.531962877581034,6.145668913246932
efficientnet-b7,std,KMeans,{'n_clusters': 8},[2 4 0 ... 0 6 2],8,46.265433873731425,7.705666779183174
efficientnet-b7,std,KMeans,{'n_clusters': 9},[2 5 5 ... 5 2 2],9,17.01788410890405,4.718560082380793
efficientnet-b7,std,KMeans,{'n_clusters': 10},[2 6 5 ... 5 5 6],10,25.510999498490893,5.735915491320201
efficientnet-b7,std,KMeans,{'n_clusters': 11},[7 5 5 ... 7 7 2],11,23.986806622576328,5.028724263037259
efficientnet-b7,std,KMeans,{'n_clusters': 12},[2 1 1 ... 4 2 2],12,22.187838196379435,4.559422815375409
efficientnet-b7,std,KMeans,{'n_clusters': 13},[11  1  1 ...  5  9 11],13,34.83514638183434,5.8696572799210776
efficientnet-b7,std,KMeans,{'n_clusters': 14},[6 4 2 ... 4 6 2],14,18.336974317680063,4.170105678969235
efficientnet-b7,std,KMeans,{'n_clusters': 15},[ 1  4 14 ... 12 12 14],15,29.45426766350078,5.560405879337609
efficientnet-b7,norm,DBSCAN,"{'eps': 0.25, 'min_samples': 8.0}",[-1 -1 -1 ... -1 -1 -1],1,,
efficientnet-b7,norm,DBSCAN,"{'eps': 0.5, 'min_samples': 8.0}",[-1 -1 -1 ... -1 -1 -1],1,,
efficientnet-b7,norm,DBSCAN,"{'eps': 1.0, 'min_samples': 8.0}",[-1 -1 -1 ... -1 -1 -1],1,,
efficientnet-b7,norm,DBSCAN,"{'eps': 2.0, 'min_samples': 8.0}",[ 0  0 -1 ... -1 -1  0],2,74.64579187666742,20.025296856317944
efficientnet-b7,norm,DBSCAN,"{'eps': 4.0, 'min_samples': 8.0}",[0 0 0 ... 0 0 0],1,,
efficientnet-b7,norm,DBSCAN,"{'eps': 8.0, 'min_samples': 8.0}",[0 0 0 ... 0 0 0],1,,
efficientnet-b7,norm,DBSCAN,"{'eps': 16.0, 'min_samples': 8.0}",[0 0 0 ... 0 0 0],1,,
efficientnet-b7,norm,DBSCAN,"{'eps': 32.0, 'min_samples': 8.0}",[0 0 0 ... 0 0 0],1,,
efficientnet-b7,norm,DBSCAN,"{'eps': 64.0, 'min_samples': 8.0}",[0 0 0 ... 0 0 0],1,,
efficientnet-b7,norm,DBSCAN,"{'eps': 128.0, 'min_samples': 8.0}",[0 0 0 ... 0 0 0],1,,
efficientnet-b7,norm,DBSCAN,"{'eps': 256.0, 'min_samples': 8.0}",[0 0 0 ... 0 0 0],1,,
efficientnet-b7,norm,DBSCAN,"{'eps': 512.0, 'min_samples': 8.0}",[0 0 0 ... 0 0 0],1,,
efficientnet-b7,norm,DBSCAN,"{'eps': 0.25, 'min_samples': 16.0}",[-1 -1 -1 ... -1 -1 -1],1,,
efficientnet-b7,norm,DBSCAN,"{'eps': 0.5, 'min_samples': 16.0}",[-1 -1 -1 ... -1 -1 -1],1,,
efficientnet-b7,norm,DBSCAN,"{'eps': 1.0, 'min_samples': 16.0}",[-1 -1 -1 ... -1 -1 -1],1,,
efficientnet-b7,norm,DBSCAN,"{'eps': 2.0, 'min_samples': 16.0}",[ 0  0 -1 ... -1 -1  0],2,74.63042929584411,20.0289289425487
efficientnet-b7,norm,DBSCAN,"{'eps': 4.0, 'min_samples': 16.0}",[0 0 0 ... 0 0 0],1,,
efficientnet-b7,norm,DBSCAN,"{'eps': 8.0, 'min_samples': 16.0}",[0 0 0 ... 0 0 0],1,,
efficientnet-b7,norm,DBSCAN,"{'eps': 16.0, 'min_samples': 16.0}",[0 0 0 ... 0 0 0],1,,
efficientnet-b7,norm,DBSCAN,"{'eps': 32.0, 'min_samples': 16.0}",[0 0 0 ... 0 0 0],1,,
efficientnet-b7,norm,DBSCAN,"{'eps': 64.0, 'min_samples': 16.0}",[0 0 0 ... 0 0 0],1,,
efficientnet-b7,norm,DBSCAN,"{'eps': 128.0, 'min_samples': 16.0}",[0 0 0 ... 0 0 0],1,,
efficientnet-b7,norm,DBSCAN,"{'eps': 256.0, 'min_samples': 16.0}",[0 0 0 ... 0 0 0],1,,
efficientnet-b7,norm,DBSCAN,"{'eps': 512.0, 'min_samples': 16.0}",[0 0 0 ... 0 0 0],1,,
efficientnet-b7,norm,DBSCAN,"{'eps': 0.25, 'min_samples': 32.0}",[-1 -1 -1 ... -1 -1 -1],1,,
efficientnet-b7,norm,DBSCAN,"{'eps': 0.5, 'min_samples': 32.0}",[-1 -1 -1 ... -1 -1 -1],1,,
efficientnet-b7,norm,DBSCAN,"{'eps': 1.0, 'min_samples': 32.0}",[-1 -1 -1 ... -1 -1 -1],1,,
efficientnet-b7,norm,DBSCAN,"{'eps': 2.0, 'min_samples': 32.0}",[ 0  0 -1 ... -1 -1  0],2,74.61773763189875,20.032258276401006
efficientnet-b7,norm,DBSCAN,"{'eps': 4.0, 'min_samples': 32.0}",[0 0 0 ... 0 0 0],1,,
efficientnet-b7,norm,DBSCAN,"{'eps': 8.0, 'min_samples': 32.0}",[0 0 0 ... 0 0 0],1,,
efficientnet-b7,norm,DBSCAN,"{'eps': 16.0, 'min_samples': 32.0}",[0 0 0 ... 0 0 0],1,,
efficientnet-b7,norm,DBSCAN,"{'eps': 32.0, 'min_samples': 32.0}",[0 0 0 ... 0 0 0],1,,
efficientnet-b7,norm,DBSCAN,"{'eps': 64.0, 'min_samples': 32.0}",[0 0 0 ... 0 0 0],1,,
efficientnet-b7,norm,DBSCAN,"{'eps': 128.0, 'min_samples': 32.0}",[0 0 0 ... 0 0 0],1,,
efficientnet-b7,norm,DBSCAN,"{'eps': 256.0, 'min_samples': 32.0}",[0 0 0 ... 0 0 0],1,,
efficientnet-b7,norm,DBSCAN,"{'eps': 512.0, 'min_samples': 32.0}",[0 0 0 ... 0 0 0],1,,
efficientnet-b7,norm,DBSCAN,"{'eps': 0.25, 'min_samples': 64.0}",[-1 -1 -1 ... -1 -1 -1],1,,
efficientnet-b7,norm,DBSCAN,"{'eps': 0.5, 'min_samples': 64.0}",[-1 -1 -1 ... -1 -1 -1],1,,
efficientnet-b7,norm,DBSCAN,"{'eps': 1.0, 'min_samples': 64.0}",[-1 -1 -1 ... -1 -1 -1],1,,
efficientnet-b7,norm,DBSCAN,"{'eps': 2.0, 'min_samples': 64.0}",[ 0  0 -1 ... -1 -1  0],2,74.63267392384273,20.034367832517265
efficientnet-b7,norm,DBSCAN,"{'eps': 4.0, 'min_samples': 64.0}",[0 0 0 ... 0 0 0],1,,
efficientnet-b7,norm,DBSCAN,"{'eps': 8.0, 'min_samples': 64.0}",[0 0 0 ... 0 0 0],1,,
efficientnet-b7,norm,DBSCAN,"{'eps': 16.0, 'min_samples': 64.0}",[0 0 0 ... 0 0 0],1,,
efficientnet-b7,norm,DBSCAN,"{'eps': 32.0, 'min_samples': 64.0}",[0 0 0 ... 0 0 0],1,,
efficientnet-b7,norm,DBSCAN,"{'eps': 64.0, 'min_samples': 64.0}",[0 0 0 ... 0 0 0],1,,
efficientnet-b7,norm,DBSCAN,"{'eps': 128.0, 'min_samples': 64.0}",[0 0 0 ... 0 0 0],1,,
efficientnet-b7,norm,DBSCAN,"{'eps': 256.0, 'min_samples': 64.0}",[0 0 0 ... 0 0 0],1,,
efficientnet-b7,norm,DBSCAN,"{'eps': 512.0, 'min_samples': 64.0}",[0 0 0 ... 0 0 0],1,,
efficientnet-b7,norm,DBSCAN,"{'eps': 0.25, 'min_samples': 128.0}",[-1 -1 -1 ... -1 -1 -1],1,,
efficientnet-b7,norm,DBSCAN,"{'eps': 0.5, 'min_samples': 128.0}",[-1 -1 -1 ... -1 -1 -1],1,,
efficientnet-b7,norm,DBSCAN,"{'eps': 1.0, 'min_samples': 128.0}",[-1 -1 -1 ... -1 -1 -1],1,,
efficientnet-b7,norm,DBSCAN,"{'eps': 2.0, 'min_samples': 128.0}",[ 0  0 -1 ... -1 -1  0],2,74.62673678709155,20.038401682967134
efficientnet-b7,norm,DBSCAN,"{'eps': 4.0, 'min_samples': 128.0}",[0 0 0 ... 0 0 0],1,,
efficientnet-b7,norm,DBSCAN,"{'eps': 8.0, 'min_samples': 128.0}",[0 0 0 ... 0 0 0],1,,
efficientnet-b7,norm,DBSCAN,"{'eps': 16.0, 'min_samples': 128.0}",[0 0 0 ... 0 0 0],1,,
efficientnet-b7,norm,DBSCAN,"{'eps': 32.0, 'min_samples': 128.0}",[0 0 0 ... 0 0 0],1,,
efficientnet-b7,norm,DBSCAN,"{'eps': 64.0, 'min_samples': 128.0}",[0 0 0 ... 0 0 0],1,,
efficientnet-b7,norm,DBSCAN,"{'eps': 128.0, 'min_samples': 128.0}",[0 0 0 ... 0 0 0],1,,
efficientnet-b7,norm,DBSCAN,"{'eps': 256.0, 'min_samples': 128.0}",[0 0 0 ... 0 0 0],1,,
efficientnet-b7,norm,DBSCAN,"{'eps': 512.0, 'min_samples': 128.0}",[0 0 0 ... 0 0 0],1,,
efficientnet-b7,norm,DBSCAN,"{'eps': 0.25, 'min_samples': 256.0}",[-1 -1 -1 ... -1 -1 -1],1,,
efficientnet-b7,norm,DBSCAN,"{'eps': 0.5, 'min_samples': 256.0}",[-1 -1 -1 ... -1 -1 -1],1,,
efficientnet-b7,norm,DBSCAN,"{'eps': 1.0, 'min_samples': 256.0}",[-1 -1 -1 ... -1 -1 -1],1,,
efficientnet-b7,norm,DBSCAN,"{'eps': 2.0, 'min_samples': 256.0}",[ 0  0 -1 ... -1 -1  0],2,74.64330929049716,20.0450974909006
efficientnet-b7,norm,DBSCAN,"{'eps': 4.0, 'min_samples': 256.0}",[0 0 0 ... 0 0 0],1,,
efficientnet-b7,norm,DBSCAN,"{'eps': 8.0, 'min_samples': 256.0}",[0 0 0 ... 0 0 0],1,,
efficientnet-b7,norm,DBSCAN,"{'eps': 16.0, 'min_samples': 256.0}",[0 0 0 ... 0 0 0],1,,
efficientnet-b7,norm,DBSCAN,"{'eps': 32.0, 'min_samples': 256.0}",[0 0 0 ... 0 0 0],1,,
efficientnet-b7,norm,DBSCAN,"{'eps': 64.0, 'min_samples': 256.0}",[0 0 0 ... 0 0 0],1,,
efficientnet-b7,norm,DBSCAN,"{'eps': 128.0, 'min_samples': 256.0}",[0 0 0 ... 0 0 0],1,,
efficientnet-b7,norm,DBSCAN,"{'eps': 256.0, 'min_samples': 256.0}",[0 0 0 ... 0 0 0],1,,
efficientnet-b7,norm,DBSCAN,"{'eps': 512.0, 'min_samples': 256.0}",[0 0 0 ... 0 0 0],1,,
efficientnet-b7,norm,DBSCAN,"{'eps': 0.25, 'min_samples': 512.0}",[-1 -1 -1 ... -1 -1 -1],1,,
efficientnet-b7,norm,DBSCAN,"{'eps': 0.5, 'min_samples': 512.0}",[-1 -1 -1 ... -1 -1 -1],1,,
efficientnet-b7,norm,DBSCAN,"{'eps': 1.0, 'min_samples': 512.0}",[-1 -1 -1 ... -1 -1 -1],1,,
efficientnet-b7,norm,DBSCAN,"{'eps': 2.0, 'min_samples': 512.0}",[ 0  0 -1 ... -1 -1  0],2,74.63006999191661,20.060416271699218
efficientnet-b7,norm,DBSCAN,"{'eps': 4.0, 'min_samples': 512.0}",[0 0 0 ... 0 0 0],1,,
efficientnet-b7,norm,DBSCAN,"{'eps': 8.0, 'min_samples': 512.0}",[0 0 0 ... 0 0 0],1,,
efficientnet-b7,norm,DBSCAN,"{'eps': 16.0, 'min_samples': 512.0}",[0 0 0 ... 0 0 0],1,,
efficientnet-b7,norm,DBSCAN,"{'eps': 32.0, 'min_samples': 512.0}",[0 0 0 ... 0 0 0],1,,
efficientnet-b7,norm,DBSCAN,"{'eps': 64.0, 'min_samples': 512.0}",[0 0 0 ... 0 0 0],1,,
efficientnet-b7,norm,DBSCAN,"{'eps': 128.0, 'min_samples': 512.0}",[0 0 0 ... 0 0 0],1,,
efficientnet-b7,norm,DBSCAN,"{'eps': 256.0, 'min_samples': 512.0}",[0 0 0 ... 0 0 0],1,,
efficientnet-b7,norm,DBSCAN,"{'eps': 512.0, 'min_samples': 512.0}",[0 0 0 ... 0 0 0],1,,
efficientnet-b7,std,DBSCAN,"{'eps': 0.25, 'min_samples': 8.0}",[-1 -1 -1 ... -1 -1 -1],1,,
efficientnet-b7,std,DBSCAN,"{'eps': 0.5, 'min_samples': 8.0}",[-1 -1 -1 ... -1 -1 -1],1,,
efficientnet-b7,std,DBSCAN,"{'eps': 1.0, 'min_samples': 8.0}",[-1 -1 -1 ... -1 -1 -1],1,,
efficientnet-b7,std,DBSCAN,"{'eps': 2.0, 'min_samples': 8.0}",[-1 -1 -1 ... -1 -1 -1],1,,
efficientnet-b7,std,DBSCAN,"{'eps': 4.0, 'min_samples': 8.0}",[-1 -1 -1 ... -1 -1 -1],1,,
efficientnet-b7,std,DBSCAN,"{'eps': 8.0, 'min_samples': 8.0}",[-1 -1 -1 ... -1 -1 -1],1,,
efficientnet-b7,std,DBSCAN,"{'eps': 16.0, 'min_samples': 8.0}",[-1  0 -1 ... -1 -1  0],2,62.823505740308136,22.782446079346332
efficientnet-b7,std,DBSCAN,"{'eps': 32.0, 'min_samples': 8.0}",[0 0 0 ... 0 0 0],1,,
efficientnet-b7,std,DBSCAN,"{'eps': 64.0, 'min_samples': 8.0}",[0 0 0 ... 0 0 0],1,,
efficientnet-b7,std,DBSCAN,"{'eps': 128.0, 'min_samples': 8.0}",[0 0 0 ... 0 0 0],1,,
efficientnet-b7,std,DBSCAN,"{'eps': 256.0, 'min_samples': 8.0}",[0 0 0 ... 0 0 0],1,,
efficientnet-b7,std,DBSCAN,"{'eps': 512.0, 'min_samples': 8.0}",[0 0 0 ... 0 0 0],1,,
efficientnet-b7,std,DBSCAN,"{'eps': 0.25, 'min_samples': 16.0}",[-1 -1 -1 ... -1 -1 -1],1,,
efficientnet-b7,std,DBSCAN,"{'eps': 0.5, 'min_samples': 16.0}",[-1 -1 -1 ... -1 -1 -1],1,,
efficientnet-b7,std,DBSCAN,"{'eps': 1.0, 'min_samples': 16.0}",[-1 -1 -1 ... -1 -1 -1],1,,
efficientnet-b7,std,DBSCAN,"{'eps': 2.0, 'min_samples': 16.0}",[-1 -1 -1 ... -1 -1 -1],1,,
efficientnet-b7,std,DBSCAN,"{'eps': 4.0, 'min_samples': 16.0}",[-1 -1 -1 ... -1 -1 -1],1,,
efficientnet-b7,std,DBSCAN,"{'eps': 8.0, 'min_samples': 16.0}",[-1 -1 -1 ... -1 -1 -1],1,,
efficientnet-b7,std,DBSCAN,"{'eps': 16.0, 'min_samples': 16.0}",[-1  0 -1 ... -1 -1  0],2,62.83035027680914,22.77374701111998
efficientnet-b7,std,DBSCAN,"{'eps': 32.0, 'min_samples': 16.0}",[0 0 0 ... 0 0 0],1,,
efficientnet-b7,std,DBSCAN,"{'eps': 64.0, 'min_samples': 16.0}",[0 0 0 ... 0 0 0],1,,
efficientnet-b7,std,DBSCAN,"{'eps': 128.0, 'min_samples': 16.0}",[0 0 0 ... 0 0 0],1,,
efficientnet-b7,std,DBSCAN,"{'eps': 256.0, 'min_samples': 16.0}",[0 0 0 ... 0 0 0],1,,
efficientnet-b7,std,DBSCAN,"{'eps': 512.0, 'min_samples': 16.0}",[0 0 0 ... 0 0 0],1,,
efficientnet-b7,std,DBSCAN,"{'eps': 0.25, 'min_samples': 32.0}",[-1 -1 -1 ... -1 -1 -1],1,,
efficientnet-b7,std,DBSCAN,"{'eps': 0.5, 'min_samples': 32.0}",[-1 -1 -1 ... -1 -1 -1],1,,
efficientnet-b7,std,DBSCAN,"{'eps': 1.0, 'min_samples': 32.0}",[-1 -1 -1 ... -1 -1 -1],1,,
efficientnet-b7,std,DBSCAN,"{'eps': 2.0, 'min_samples': 32.0}",[-1 -1 -1 ... -1 -1 -1],1,,
efficientnet-b7,std,DBSCAN,"{'eps': 4.0, 'min_samples': 32.0}",[-1 -1 -1 ... -1 -1 -1],1,,
efficientnet-b7,std,DBSCAN,"{'eps': 8.0, 'min_samples': 32.0}",[-1 -1 -1 ... -1 -1 -1],1,,
efficientnet-b7,std,DBSCAN,"{'eps': 16.0, 'min_samples': 32.0}",[-1  0 -1 ... -1 -1  0],2,62.78322006040698,22.769322582150437
efficientnet-b7,std,DBSCAN,"{'eps': 32.0, 'min_samples': 32.0}",[0 0 0 ... 0 0 0],1,,
efficientnet-b7,std,DBSCAN,"{'eps': 64.0, 'min_samples': 32.0}",[0 0 0 ... 0 0 0],1,,
efficientnet-b7,std,DBSCAN,"{'eps': 128.0, 'min_samples': 32.0}",[0 0 0 ... 0 0 0],1,,
efficientnet-b7,std,DBSCAN,"{'eps': 256.0, 'min_samples': 32.0}",[0 0 0 ... 0 0 0],1,,
efficientnet-b7,std,DBSCAN,"{'eps': 512.0, 'min_samples': 32.0}",[0 0 0 ... 0 0 0],1,,
efficientnet-b7,std,DBSCAN,"{'eps': 0.25, 'min_samples': 64.0}",[-1 -1 -1 ... -1 -1 -1],1,,
efficientnet-b7,std,DBSCAN,"{'eps': 0.5, 'min_samples': 64.0}",[-1 -1 -1 ... -1 -1 -1],1,,
efficientnet-b7,std,DBSCAN,"{'eps': 1.0, 'min_samples': 64.0}",[-1 -1 -1 ... -1 -1 -1],1,,
efficientnet-b7,std,DBSCAN,"{'eps': 2.0, 'min_samples': 64.0}",[-1 -1 -1 ... -1 -1 -1],1,,
efficientnet-b7,std,DBSCAN,"{'eps': 4.0, 'min_samples': 64.0}",[-1 -1 -1 ... -1 -1 -1],1,,
efficientnet-b7,std,DBSCAN,"{'eps': 8.0, 'min_samples': 64.0}",[-1 -1 -1 ... -1 -1 -1],1,,
efficientnet-b7,std,DBSCAN,"{'eps': 16.0, 'min_samples': 64.0}",[-1  0 -1 ... -1 -1  0],2,62.77399463556362,22.75212389957434
efficientnet-b7,std,DBSCAN,"{'eps': 32.0, 'min_samples': 64.0}",[0 0 0 ... 0 0 0],1,,
efficientnet-b7,std,DBSCAN,"{'eps': 64.0, 'min_samples': 64.0}",[0 0 0 ... 0 0 0],1,,
efficientnet-b7,std,DBSCAN,"{'eps': 128.0, 'min_samples': 64.0}",[0 0 0 ... 0 0 0],1,,
efficientnet-b7,std,DBSCAN,"{'eps': 256.0, 'min_samples': 64.0}",[0 0 0 ... 0 0 0],1,,
efficientnet-b7,std,DBSCAN,"{'eps': 512.0, 'min_samples': 64.0}",[0 0 0 ... 0 0 0],1,,
efficientnet-b7,std,DBSCAN,"{'eps': 0.25, 'min_samples': 128.0}",[-1 -1 -1 ... -1 -1 -1],1,,
efficientnet-b7,std,DBSCAN,"{'eps': 0.5, 'min_samples': 128.0}",[-1 -1 -1 ... -1 -1 -1],1,,
efficientnet-b7,std,DBSCAN,"{'eps': 1.0, 'min_samples': 128.0}",[-1 -1 -1 ... -1 -1 -1],1,,
efficientnet-b7,std,DBSCAN,"{'eps': 2.0, 'min_samples': 128.0}",[-1 -1 -1 ... -1 -1 -1],1,,
efficientnet-b7,std,DBSCAN,"{'eps': 4.0, 'min_samples': 128.0}",[-1 -1 -1 ... -1 -1 -1],1,,
efficientnet-b7,std,DBSCAN,"{'eps': 8.0, 'min_samples': 128.0}",[-1 -1 -1 ... -1 -1 -1],1,,
efficientnet-b7,std,DBSCAN,"{'eps': 16.0, 'min_samples': 128.0}",[-1  0 -1 ... -1 -1  0],2,62.724769722557355,22.73483020948962
efficientnet-b7,std,DBSCAN,"{'eps': 32.0, 'min_samples': 128.0}",[0 0 0 ... 0 0 0],1,,
efficientnet-b7,std,DBSCAN,"{'eps': 64.0, 'min_samples': 128.0}",[0 0 0 ... 0 0 0],1,,
efficientnet-b7,std,DBSCAN,"{'eps': 128.0, 'min_samples': 128.0}",[0 0 0 ... 0 0 0],1,,
efficientnet-b7,std,DBSCAN,"{'eps': 256.0, 'min_samples': 128.0}",[0 0 0 ... 0 0 0],1,,
efficientnet-b7,std,DBSCAN,"{'eps': 512.0, 'min_samples': 128.0}",[0 0 0 ... 0 0 0],1,,
efficientnet-b7,std,DBSCAN,"{'eps': 0.25, 'min_samples': 256.0}",[-1 -1 -1 ... -1 -1 -1],1,,
efficientnet-b7,std,DBSCAN,"{'eps': 0.5, 'min_samples': 256.0}",[-1 -1 -1 ... -1 -1 -1],1,,
efficientnet-b7,std,DBSCAN,"{'eps': 1.0, 'min_samples': 256.0}",[-1 -1 -1 ... -1 -1 -1],1,,
efficientnet-b7,std,DBSCAN,"{'eps': 2.0, 'min_samples': 256.0}",[-1 -1 -1 ... -1 -1 -1],1,,
efficientnet-b7,std,DBSCAN,"{'eps': 4.0, 'min_samples': 256.0}",[-1 -1 -1 ... -1 -1 -1],1,,
efficientnet-b7,std,DBSCAN,"{'eps': 8.0, 'min_samples': 256.0}",[-1 -1 -1 ... -1 -1 -1],1,,
efficientnet-b7,std,DBSCAN,"{'eps': 16.0, 'min_samples': 256.0}",[-1  0 -1 ... -1 -1  0],2,62.60210432944725,22.71972924005063
efficientnet-b7,std,DBSCAN,"{'eps': 32.0, 'min_samples': 256.0}",[0 0 0 ... 0 0 0],1,,
efficientnet-b7,std,DBSCAN,"{'eps': 64.0, 'min_samples': 256.0}",[0 0 0 ... 0 0 0],1,,
efficientnet-b7,std,DBSCAN,"{'eps': 128.0, 'min_samples': 256.0}",[0 0 0 ... 0 0 0],1,,
efficientnet-b7,std,DBSCAN,"{'eps': 256.0, 'min_samples': 256.0}",[0 0 0 ... 0 0 0],1,,
efficientnet-b7,std,DBSCAN,"{'eps': 512.0, 'min_samples': 256.0}",[0 0 0 ... 0 0 0],1,,
efficientnet-b7,std,DBSCAN,"{'eps': 0.25, 'min_samples': 512.0}",[-1 -1 -1 ... -1 -1 -1],1,,
efficientnet-b7,std,DBSCAN,"{'eps': 0.5, 'min_samples': 512.0}",[-1 -1 -1 ... -1 -1 -1],1,,
efficientnet-b7,std,DBSCAN,"{'eps': 1.0, 'min_samples': 512.0}",[-1 -1 -1 ... -1 -1 -1],1,,
efficientnet-b7,std,DBSCAN,"{'eps': 2.0, 'min_samples': 512.0}",[-1 -1 -1 ... -1 -1 -1],1,,
efficientnet-b7,std,DBSCAN,"{'eps': 4.0, 'min_samples': 512.0}",[-1 -1 -1 ... -1 -1 -1],1,,
efficientnet-b7,std,DBSCAN,"{'eps': 8.0, 'min_samples': 512.0}",[-1 -1 -1 ... -1 -1 -1],1,,
efficientnet-b7,std,DBSCAN,"{'eps': 16.0, 'min_samples': 512.0}",[-1  0 -1 ... -1 -1  0],2,62.399098127569964,22.68546166275882
efficientnet-b7,std,DBSCAN,"{'eps': 32.0, 'min_samples': 512.0}",[0 0 0 ... 0 0 0],1,,
efficientnet-b7,std,DBSCAN,"{'eps': 64.0, 'min_samples': 512.0}",[0 0 0 ... 0 0 0],1,,
efficientnet-b7,std,DBSCAN,"{'eps': 128.0, 'min_samples': 512.0}",[0 0 0 ... 0 0 0],1,,
efficientnet-b7,std,DBSCAN,"{'eps': 256.0, 'min_samples': 512.0}",[0 0 0 ... 0 0 0],1,,
efficientnet-b7,std,DBSCAN,"{'eps': 512.0, 'min_samples': 512.0}",[0 0 0 ... 0 0 0],1,,
efficientnet-b7,norm,HDBSCAN,{'min_cluster_size': 8},[-1 -1 -1 ... -1 -1 -1],1,,
efficientnet-b7,norm,HDBSCAN,{'min_cluster_size': 16},[-1 -1 -1 ... -1 -1 -1],1,,
efficientnet-b7,norm,HDBSCAN,{'min_cluster_size': 32},[-1 -1 -1 ... -1 -1 -1],1,,
efficientnet-b7,norm,HDBSCAN,{'min_cluster_size': 64},[-1 -1 -1 ... -1 -1 -1],1,,
efficientnet-b7,norm,HDBSCAN,{'min_cluster_size': 128},[-1 -1 -1 ... -1 -1 -1],1,,
efficientnet-b7,norm,HDBSCAN,{'min_cluster_size': 256},[-1 -1 -1 ... -1 -1 -1],1,,
efficientnet-b7,norm,HDBSCAN,{'min_cluster_size': 512},[-1 -1 -1 ... -1 -1 -1],1,,
efficientnet-b7,std,HDBSCAN,{'min_cluster_size': 8},[-1 -1 -1 ... -1 -1 -1],1,,
efficientnet-b7,std,HDBSCAN,{'min_cluster_size': 16},[-1 -1 -1 ... -1 -1 -1],1,,
efficientnet-b7,std,HDBSCAN,{'min_cluster_size': 32},[-1 -1 -1 ... -1 -1 -1],1,,
efficientnet-b7,std,HDBSCAN,{'min_cluster_size': 64},[-1 -1 -1 ... -1 -1 -1],1,,
efficientnet-b7,std,HDBSCAN,{'min_cluster_size': 128},[-1 -1 -1 ... -1 -1 -1],1,,
efficientnet-b7,std,HDBSCAN,{'min_cluster_size': 256},[-1 -1 -1 ... -1 -1 -1],1,,
efficientnet-b7,std,HDBSCAN,{'min_cluster_size': 512},[-1 -1 -1 ... -1 -1 -1],1,,
osnet,norm,KMeans,{'n_clusters': 2},[1 1 1 ... 1 1 1],2,577.2060871380562,4.105117279774246
osnet,norm,KMeans,{'n_clusters': 3},[0 0 0 ... 0 1 1],3,1057.1812742422762,4.643701300785921
osnet,norm,KMeans,{'n_clusters': 4},[1 1 0 ... 1 3 0],4,886.198304576882,5.555496280899599
osnet,norm,KMeans,{'n_clusters': 5},[2 2 3 ... 3 0 0],5,836.1177454268606,5.167478850235975
osnet,norm,KMeans,{'n_clusters': 6},[4 4 3 ... 3 2 5],6,763.6199273237196,5.1056392907383925
osnet,norm,KMeans,{'n_clusters': 7},[3 3 2 ... 3 4 1],7,666.4667704916337,4.848421402396712
osnet,norm,KMeans,{'n_clusters': 8},[5 5 6 ... 1 3 3],8,656.5330943271031,4.857541303411843
osnet,norm,KMeans,{'n_clusters': 9},[3 3 1 ... 3 1 4],9,560.920972942183,4.7700303568271085
osnet,norm,KMeans,{'n_clusters': 10},[9 9 4 ... 7 0 1],10,564.546702071822,4.560748355293217
osnet,norm,KMeans,{'n_clusters': 11},[5 5 3 ... 7 4 4],11,530.0870821030654,4.792194834823078
osnet,norm,KMeans,{'n_clusters': 12},[ 4  4  6 ...  7 11  1],12,508.81584390658946,4.600898846724802
osnet,norm,KMeans,{'n_clusters': 13},[3 3 6 ... 8 4 5],13,477.797518482532,4.286774651246734
osnet,norm,KMeans,{'n_clusters': 14},[ 9  9  3 ...  6  4 10],14,472.9348346870751,4.128426618645034
osnet,norm,KMeans,{'n_clusters': 15},[ 1  7 14 ...  5  9 12],15,455.21527339137805,4.186358334866255
osnet,std,KMeans,{'n_clusters': 2},[1 1 1 ... 1 1 1],2,250.36163454790707,12.588800583891258
osnet,std,KMeans,{'n_clusters': 3},[0 0 0 ... 0 0 0],3,211.8775186325109,3.501386633292404
osnet,std,KMeans,{'n_clusters': 4},[2 2 1 ... 1 2 2],4,225.71111142891195,7.495683507952812
osnet,std,KMeans,{'n_clusters': 5},[2 2 4 ... 3 2 2],5,223.16675687981459,8.589909139093853
osnet,std,KMeans,{'n_clusters': 6},[5 5 2 ... 1 4 2],6,225.30813859545177,7.689572631888261
osnet,std,KMeans,{'n_clusters': 7},[4 4 3 ... 6 1 4],7,214.37108290658492,7.225901574390456
osnet,std,KMeans,{'n_clusters': 8},[1 3 7 ... 3 1 1],8,218.19518927716592,6.780178204300278
osnet,std,KMeans,{'n_clusters': 9},[1 1 3 ... 3 1 1],9,214.09900934880864,5.4708487901564675
osnet,std,KMeans,{'n_clusters': 10},[8 8 9 ... 3 9 9],10,216.62374213745642,5.799769114874712
osnet,std,KMeans,{'n_clusters': 11},[10  4  3 ...  8 10 10],11,211.57804950722152,6.191367648786123
osnet,std,KMeans,{'n_clusters': 12},[10  5  6 ...  6  3  3],12,203.7346005614956,5.9227772841690784
osnet,std,KMeans,{'n_clusters': 13},[ 5  5  4 ...  4 10 10],13,214.16248713578838,5.71613356993656
osnet,std,KMeans,{'n_clusters': 14},[1 3 6 ... 1 1 1],14,208.17669677571342,5.113925724962714
osnet,std,KMeans,{'n_clusters': 15},[13  6  3 ... 12 13 13],15,212.5298726174167,5.428165043545625
osnet,norm,DBSCAN,"{'eps': 0.25, 'min_samples': 8.0}",[-1 -1 -1 ... -1 -1 -1],1,,
osnet,norm,DBSCAN,"{'eps': 0.5, 'min_samples': 8.0}",[-1 -1 -1 ... -1 -1 -1],1,,
osnet,norm,DBSCAN,"{'eps': 1.0, 'min_samples': 8.0}",[ 0  0 23 ...  0 -1  0],39,39.18989263345956,2.2154869927438825
osnet,norm,DBSCAN,"{'eps': 2.0, 'min_samples': 8.0}",[0 0 0 ... 0 0 0],2,7.840547823614988,2.1205189268689746
osnet,norm,DBSCAN,"{'eps': 4.0, 'min_samples': 8.0}",[0 0 0 ... 0 0 0],1,,
osnet,norm,DBSCAN,"{'eps': 8.0, 'min_samples': 8.0}",[0 0 0 ... 0 0 0],1,,
osnet,norm,DBSCAN,"{'eps': 16.0, 'min_samples': 8.0}",[0 0 0 ... 0 0 0],1,,
osnet,norm,DBSCAN,"{'eps': 32.0, 'min_samples': 8.0}",[0 0 0 ... 0 0 0],1,,
osnet,norm,DBSCAN,"{'eps': 64.0, 'min_samples': 8.0}",[0 0 0 ... 0 0 0],1,,
osnet,norm,DBSCAN,"{'eps': 128.0, 'min_samples': 8.0}",[0 0 0 ... 0 0 0],1,,
osnet,norm,DBSCAN,"{'eps': 256.0, 'min_samples': 8.0}",[0 0 0 ... 0 0 0],1,,
osnet,norm,DBSCAN,"{'eps': 512.0, 'min_samples': 8.0}",[0 0 0 ... 0 0 0],1,,
osnet,norm,DBSCAN,"{'eps': 0.25, 'min_samples': 16.0}",[-1 -1 -1 ... -1 -1 -1],1,,
osnet,norm,DBSCAN,"{'eps': 0.5, 'min_samples': 16.0}",[-1 -1 -1 ... -1 -1 -1],1,,
osnet,norm,DBSCAN,"{'eps': 1.0, 'min_samples': 16.0}",[ 0  0 -1 ...  0 -1  0],14,74.96610819190101,3.1395620024421236
osnet,norm,DBSCAN,"{'eps': 2.0, 'min_samples': 16.0}",[0 0 0 ... 0 0 0],2,7.840547823614988,2.1205189268689746
osnet,norm,DBSCAN,"{'eps': 4.0, 'min_samples': 16.0}",[0 0 0 ... 0 0 0],1,,
osnet,norm,DBSCAN,"{'eps': 8.0, 'min_samples': 16.0}",[0 0 0 ... 0 0 0],1,,
osnet,norm,DBSCAN,"{'eps': 16.0, 'min_samples': 16.0}",[0 0 0 ... 0 0 0],1,,
osnet,norm,DBSCAN,"{'eps': 32.0, 'min_samples': 16.0}",[0 0 0 ... 0 0 0],1,,
osnet,norm,DBSCAN,"{'eps': 64.0, 'min_samples': 16.0}",[0 0 0 ... 0 0 0],1,,
osnet,norm,DBSCAN,"{'eps': 128.0, 'min_samples': 16.0}",[0 0 0 ... 0 0 0],1,,
osnet,norm,DBSCAN,"{'eps': 256.0, 'min_samples': 16.0}",[0 0 0 ... 0 0 0],1,,
osnet,norm,DBSCAN,"{'eps': 512.0, 'min_samples': 16.0}",[0 0 0 ... 0 0 0],1,,
osnet,norm,DBSCAN,"{'eps': 0.25, 'min_samples': 32.0}",[-1 -1 -1 ... -1 -1 -1],1,,
osnet,norm,DBSCAN,"{'eps': 0.5, 'min_samples': 32.0}",[-1 -1 -1 ... -1 -1 -1],1,,
osnet,norm,DBSCAN,"{'eps': 1.0, 'min_samples': 32.0}",[ 0  0 -1 ...  0 -1  0],6,128.88517509428416,4.86593022527875
osnet,norm,DBSCAN,"{'eps': 2.0, 'min_samples': 32.0}",[0 0 0 ... 0 0 0],2,7.840547823614988,2.1205189268689746
osnet,norm,DBSCAN,"{'eps': 4.0, 'min_samples': 32.0}",[0 0 0 ... 0 0 0],1,,
osnet,norm,DBSCAN,"{'eps': 8.0, 'min_samples': 32.0}",[0 0 0 ... 0 0 0],1,,
osnet,norm,DBSCAN,"{'eps': 16.0, 'min_samples': 32.0}",[0 0 0 ... 0 0 0],1,,
osnet,norm,DBSCAN,"{'eps': 32.0, 'min_samples': 32.0}",[0 0 0 ... 0 0 0],1,,
osnet,norm,DBSCAN,"{'eps': 64.0, 'min_samples': 32.0}",[0 0 0 ... 0 0 0],1,,
osnet,norm,DBSCAN,"{'eps': 128.0, 'min_samples': 32.0}",[0 0 0 ... 0 0 0],1,,
osnet,norm,DBSCAN,"{'eps': 256.0, 'min_samples': 32.0}",[0 0 0 ... 0 0 0],1,,
osnet,norm,DBSCAN,"{'eps': 512.0, 'min_samples': 32.0}",[0 0 0 ... 0 0 0],1,,
osnet,norm,DBSCAN,"{'eps': 0.25, 'min_samples': 64.0}",[-1 -1 -1 ... -1 -1 -1],1,,
osnet,norm,DBSCAN,"{'eps': 0.5, 'min_samples': 64.0}",[-1 -1 -1 ... -1 -1 -1],1,,
osnet,norm,DBSCAN,"{'eps': 1.0, 'min_samples': 64.0}",[ 0  0 -1 ...  0 -1  0],5,182.59380528242298,5.069501331767175
osnet,norm,DBSCAN,"{'eps': 2.0, 'min_samples': 64.0}",[0 0 0 ... 0 0 0],2,15.459471453244351,1.9068149524330804
osnet,norm,DBSCAN,"{'eps': 4.0, 'min_samples': 64.0}",[0 0 0 ... 0 0 0],1,,
osnet,norm,DBSCAN,"{'eps': 8.0, 'min_samples': 64.0}",[0 0 0 ... 0 0 0],1,,
osnet,norm,DBSCAN,"{'eps': 16.0, 'min_samples': 64.0}",[0 0 0 ... 0 0 0],1,,
osnet,norm,DBSCAN,"{'eps': 32.0, 'min_samples': 64.0}",[0 0 0 ... 0 0 0],1,,
osnet,norm,DBSCAN,"{'eps': 64.0, 'min_samples': 64.0}",[0 0 0 ... 0 0 0],1,,
osnet,norm,DBSCAN,"{'eps': 128.0, 'min_samples': 64.0}",[0 0 0 ... 0 0 0],1,,
osnet,norm,DBSCAN,"{'eps': 256.0, 'min_samples': 64.0}",[0 0 0 ... 0 0 0],1,,
osnet,norm,DBSCAN,"{'eps': 512.0, 'min_samples': 64.0}",[0 0 0 ... 0 0 0],1,,
osnet,norm,DBSCAN,"{'eps': 0.25, 'min_samples': 128.0}",[-1 -1 -1 ... -1 -1 -1],1,,
osnet,norm,DBSCAN,"{'eps': 0.5, 'min_samples': 128.0}",[-1 -1 -1 ... -1 -1 -1],1,,
osnet,norm,DBSCAN,"{'eps': 1.0, 'min_samples': 128.0}",[ 0  0 -1 ...  0 -1  0],3,283.96341266649677,6.802102392397135
osnet,norm,DBSCAN,"{'eps': 2.0, 'min_samples': 128.0}",[0 0 0 ... 0 0 0],2,14.808030290386176,2.1186375657891823
osnet,norm,DBSCAN,"{'eps': 4.0, 'min_samples': 128.0}",[0 0 0 ... 0 0 0],1,,
osnet,norm,DBSCAN,"{'eps': 8.0, 'min_samples': 128.0}",[0 0 0 ... 0 0 0],1,,
osnet,norm,DBSCAN,"{'eps': 16.0, 'min_samples': 128.0}",[0 0 0 ... 0 0 0],1,,
osnet,norm,DBSCAN,"{'eps': 32.0, 'min_samples': 128.0}",[0 0 0 ... 0 0 0],1,,
osnet,norm,DBSCAN,"{'eps': 64.0, 'min_samples': 128.0}",[0 0 0 ... 0 0 0],1,,
osnet,norm,DBSCAN,"{'eps': 128.0, 'min_samples': 128.0}",[0 0 0 ... 0 0 0],1,,
osnet,norm,DBSCAN,"{'eps': 256.0, 'min_samples': 128.0}",[0 0 0 ... 0 0 0],1,,
osnet,norm,DBSCAN,"{'eps': 512.0, 'min_samples': 128.0}",[0 0 0 ... 0 0 0],1,,
osnet,norm,DBSCAN,"{'eps': 0.25, 'min_samples': 256.0}",[-1 -1 -1 ... -1 -1 -1],1,,
osnet,norm,DBSCAN,"{'eps': 0.5, 'min_samples': 256.0}",[-1 -1 -1 ... -1 -1 -1],1,,
osnet,norm,DBSCAN,"{'eps': 1.0, 'min_samples': 256.0}",[ 0  0 -1 ...  0 -1  0],2,530.2026357505755,8.269677854007686
osnet,norm,DBSCAN,"{'eps': 2.0, 'min_samples': 256.0}",[0 0 0 ... 0 0 0],2,25.872725302009556,1.9725222650511856
osnet,norm,DBSCAN,"{'eps': 4.0, 'min_samples': 256.0}",[0 0 0 ... 0 0 0],1,,
osnet,norm,DBSCAN,"{'eps': 8.0, 'min_samples': 256.0}",[0 0 0 ... 0 0 0],1,,
osnet,norm,DBSCAN,"{'eps': 16.0, 'min_samples': 256.0}",[0 0 0 ... 0 0 0],1,,
osnet,norm,DBSCAN,"{'eps': 32.0, 'min_samples': 256.0}",[0 0 0 ... 0 0 0],1,,
osnet,norm,DBSCAN,"{'eps': 64.0, 'min_samples': 256.0}",[0 0 0 ... 0 0 0],1,,
osnet,norm,DBSCAN,"{'eps': 128.0, 'min_samples': 256.0}",[0 0 0 ... 0 0 0],1,,
osnet,norm,DBSCAN,"{'eps': 256.0, 'min_samples': 256.0}",[0 0 0 ... 0 0 0],1,,
osnet,norm,DBSCAN,"{'eps': 512.0, 'min_samples': 256.0}",[0 0 0 ... 0 0 0],1,,
osnet,norm,DBSCAN,"{'eps': 0.25, 'min_samples': 512.0}",[-1 -1 -1 ... -1 -1 -1],1,,
osnet,norm,DBSCAN,"{'eps': 0.5, 'min_samples': 512.0}",[-1 -1 -1 ... -1 -1 -1],1,,
osnet,norm,DBSCAN,"{'eps': 1.0, 'min_samples': 512.0}",[ 0  0 -1 ...  0 -1  0],2,551.0387077428842,7.305535802580525
osnet,norm,DBSCAN,"{'eps': 2.0, 'min_samples': 512.0}",[0 0 0 ... 0 0 0],2,25.012500548562805,2.1094963233730857
osnet,norm,DBSCAN,"{'eps': 4.0, 'min_samples': 512.0}",[0 0 0 ... 0 0 0],1,,
osnet,norm,DBSCAN,"{'eps': 8.0, 'min_samples': 512.0}",[0 0 0 ... 0 0 0],1,,
osnet,norm,DBSCAN,"{'eps': 16.0, 'min_samples': 512.0}",[0 0 0 ... 0 0 0],1,,
osnet,norm,DBSCAN,"{'eps': 32.0, 'min_samples': 512.0}",[0 0 0 ... 0 0 0],1,,
osnet,norm,DBSCAN,"{'eps': 64.0, 'min_samples': 512.0}",[0 0 0 ... 0 0 0],1,,
osnet,norm,DBSCAN,"{'eps': 128.0, 'min_samples': 512.0}",[0 0 0 ... 0 0 0],1,,
osnet,norm,DBSCAN,"{'eps': 256.0, 'min_samples': 512.0}",[0 0 0 ... 0 0 0],1,,
osnet,norm,DBSCAN,"{'eps': 512.0, 'min_samples': 512.0}",[0 0 0 ... 0 0 0],1,,
osnet,std,DBSCAN,"{'eps': 0.25, 'min_samples': 8.0}",[-1 -1 -1 ... -1 -1 -1],1,,
osnet,std,DBSCAN,"{'eps': 0.5, 'min_samples': 8.0}",[-1 -1 -1 ... -1 -1 -1],1,,
osnet,std,DBSCAN,"{'eps': 1.0, 'min_samples': 8.0}",[-1 -1 -1 ... -1 -1 -1],1,,
osnet,std,DBSCAN,"{'eps': 2.0, 'min_samples': 8.0}",[-1 -1 -1 ... -1 -1 -1],1,,
osnet,std,DBSCAN,"{'eps': 4.0, 'min_samples': 8.0}",[-1 -1 -1 ... -1 -1 -1],1,,
osnet,std,DBSCAN,"{'eps': 8.0, 'min_samples': 8.0}",[-1 -1 -1 ... -1 -1 -1],50,10.844390591547175,2.4591474344566957
osnet,std,DBSCAN,"{'eps': 16.0, 'min_samples': 8.0}",[0 0 0 ... 0 0 0],5,44.265072796617964,4.147506818609375
osnet,std,DBSCAN,"{'eps': 32.0, 'min_samples': 8.0}",[0 0 0 ... 0 0 0],1,,
osnet,std,DBSCAN,"{'eps': 64.0, 'min_samples': 8.0}",[0 0 0 ... 0 0 0],1,,
osnet,std,DBSCAN,"{'eps': 128.0, 'min_samples': 8.0}",[0 0 0 ... 0 0 0],1,,
osnet,std,DBSCAN,"{'eps': 256.0, 'min_samples': 8.0}",[0 0 0 ... 0 0 0],1,,
osnet,std,DBSCAN,"{'eps': 512.0, 'min_samples': 8.0}",[0 0 0 ... 0 0 0],1,,
osnet,std,DBSCAN,"{'eps': 0.25, 'min_samples': 16.0}",[-1 -1 -1 ... -1 -1 -1],1,,
osnet,std,DBSCAN,"{'eps': 0.5, 'min_samples': 16.0}",[-1 -1 -1 ... -1 -1 -1],1,,
osnet,std,DBSCAN,"{'eps': 1.0, 'min_samples': 16.0}",[-1 -1 -1 ... -1 -1 -1],1,,
osnet,std,DBSCAN,"{'eps': 2.0, 'min_samples': 16.0}",[-1 -1 -1 ... -1 -1 -1],1,,
osnet,std,DBSCAN,"{'eps': 4.0, 'min_samples': 16.0}",[-1 -1 -1 ... -1 -1 -1],1,,
osnet,std,DBSCAN,"{'eps': 8.0, 'min_samples': 16.0}",[-1 -1 -1 ... -1 -1 -1],11,18.847318805030238,3.2225356092275472
osnet,std,DBSCAN,"{'eps': 16.0, 'min_samples': 16.0}",[0 0 0 ... 0 0 0],5,72.14535543997518,4.327624138127158
osnet,std,DBSCAN,"{'eps': 32.0, 'min_samples': 16.0}",[0 0 0 ... 0 0 0],1,,
osnet,std,DBSCAN,"{'eps': 64.0, 'min_samples': 16.0}",[0 0 0 ... 0 0 0],1,,
osnet,std,DBSCAN,"{'eps': 128.0, 'min_samples': 16.0}",[0 0 0 ... 0 0 0],1,,
osnet,std,DBSCAN,"{'eps': 256.0, 'min_samples': 16.0}",[0 0 0 ... 0 0 0],1,,
osnet,std,DBSCAN,"{'eps': 512.0, 'min_samples': 16.0}",[0 0 0 ... 0 0 0],1,,
osnet,std,DBSCAN,"{'eps': 0.25, 'min_samples': 32.0}",[-1 -1 -1 ... -1 -1 -1],1,,
osnet,std,DBSCAN,"{'eps': 0.5, 'min_samples': 32.0}",[-1 -1 -1 ... -1 -1 -1],1,,
osnet,std,DBSCAN,"{'eps': 1.0, 'min_samples': 32.0}",[-1 -1 -1 ... -1 -1 -1],1,,
osnet,std,DBSCAN,"{'eps': 2.0, 'min_samples': 32.0}",[-1 -1 -1 ... -1 -1 -1],1,,
osnet,std,DBSCAN,"{'eps': 4.0, 'min_samples': 32.0}",[-1 -1 -1 ... -1 -1 -1],1,,
osnet,std,DBSCAN,"{'eps': 8.0, 'min_samples': 32.0}",[-1 -1 -1 ... -1 -1 -1],2,66.28719977573928,4.473561141972083
osnet,std,DBSCAN,"{'eps': 16.0, 'min_samples': 32.0}",[0 0 0 ... 0 0 0],2,129.51137060690195,7.758030698121485
osnet,std,DBSCAN,"{'eps': 32.0, 'min_samples': 32.0}",[0 0 0 ... 0 0 0],1,,
osnet,std,DBSCAN,"{'eps': 64.0, 'min_samples': 32.0}",[0 0 0 ... 0 0 0],1,,
osnet,std,DBSCAN,"{'eps': 128.0, 'min_samples': 32.0}",[0 0 0 ... 0 0 0],1,,
osnet,std,DBSCAN,"{'eps': 256.0, 'min_samples': 32.0}",[0 0 0 ... 0 0 0],1,,
osnet,std,DBSCAN,"{'eps': 512.0, 'min_samples': 32.0}",[0 0 0 ... 0 0 0],1,,
osnet,std,DBSCAN,"{'eps': 0.25, 'min_samples': 64.0}",[-1 -1 -1 ... -1 -1 -1],1,,
osnet,std,DBSCAN,"{'eps': 0.5, 'min_samples': 64.0}",[-1 -1 -1 ... -1 -1 -1],1,,
osnet,std,DBSCAN,"{'eps': 1.0, 'min_samples': 64.0}",[-1 -1 -1 ... -1 -1 -1],1,,
osnet,std,DBSCAN,"{'eps': 2.0, 'min_samples': 64.0}",[-1 -1 -1 ... -1 -1 -1],1,,
osnet,std,DBSCAN,"{'eps': 4.0, 'min_samples': 64.0}",[-1 -1 -1 ... -1 -1 -1],1,,
osnet,std,DBSCAN,"{'eps': 8.0, 'min_samples': 64.0}",[-1 -1 -1 ... -1 -1 -1],2,49.70266342502006,3.936250293248535
osnet,std,DBSCAN,"{'eps': 16.0, 'min_samples': 64.0}",[0 0 0 ... 0 0 0],2,173.14591914755908,7.784308060772906
osnet,std,DBSCAN,"{'eps': 32.0, 'min_samples': 64.0}",[0 0 0 ... 0 0 0],1,,
osnet,std,DBSCAN,"{'eps': 64.0, 'min_samples': 64.0}",[0 0 0 ... 0 0 0],1,,
osnet,std,DBSCAN,"{'eps': 128.0, 'min_samples': 64.0}",[0 0 0 ... 0 0 0],1,,
osnet,std,DBSCAN,"{'eps': 256.0, 'min_samples': 64.0}",[0 0 0 ... 0 0 0],1,,
osnet,std,DBSCAN,"{'eps': 512.0, 'min_samples': 64.0}",[0 0 0 ... 0 0 0],1,,
osnet,std,DBSCAN,"{'eps': 0.25, 'min_samples': 128.0}",[-1 -1 -1 ... -1 -1 -1],1,,
osnet,std,DBSCAN,"{'eps': 0.5, 'min_samples': 128.0}",[-1 -1 -1 ... -1 -1 -1],1,,
osnet,std,DBSCAN,"{'eps': 1.0, 'min_samples': 128.0}",[-1 -1 -1 ... -1 -1 -1],1,,
osnet,std,DBSCAN,"{'eps': 2.0, 'min_samples': 128.0}",[-1 -1 -1 ... -1 -1 -1],1,,
osnet,std,DBSCAN,"{'eps': 4.0, 'min_samples': 128.0}",[-1 -1 -1 ... -1 -1 -1],1,,
osnet,std,DBSCAN,"{'eps': 8.0, 'min_samples': 128.0}",[-1 -1 -1 ... -1 -1 -1],1,,
osnet,std,DBSCAN,"{'eps': 16.0, 'min_samples': 128.0}",[0 0 0 ... 0 0 0],2,184.54318313704138,7.914036004573925
osnet,std,DBSCAN,"{'eps': 32.0, 'min_samples': 128.0}",[0 0 0 ... 0 0 0],1,,
osnet,std,DBSCAN,"{'eps': 64.0, 'min_samples': 128.0}",[0 0 0 ... 0 0 0],1,,
osnet,std,DBSCAN,"{'eps': 128.0, 'min_samples': 128.0}",[0 0 0 ... 0 0 0],1,,
osnet,std,DBSCAN,"{'eps': 256.0, 'min_samples': 128.0}",[0 0 0 ... 0 0 0],1,,
osnet,std,DBSCAN,"{'eps': 512.0, 'min_samples': 128.0}",[0 0 0 ... 0 0 0],1,,
osnet,std,DBSCAN,"{'eps': 0.25, 'min_samples': 256.0}",[-1 -1 -1 ... -1 -1 -1],1,,
osnet,std,DBSCAN,"{'eps': 0.5, 'min_samples': 256.0}",[-1 -1 -1 ... -1 -1 -1],1,,
osnet,std,DBSCAN,"{'eps': 1.0, 'min_samples': 256.0}",[-1 -1 -1 ... -1 -1 -1],1,,
osnet,std,DBSCAN,"{'eps': 2.0, 'min_samples': 256.0}",[-1 -1 -1 ... -1 -1 -1],1,,
osnet,std,DBSCAN,"{'eps': 4.0, 'min_samples': 256.0}",[-1 -1 -1 ... -1 -1 -1],1,,
osnet,std,DBSCAN,"{'eps': 8.0, 'min_samples': 256.0}",[-1 -1 -1 ... -1 -1 -1],1,,
osnet,std,DBSCAN,"{'eps': 16.0, 'min_samples': 256.0}",[0 0 0 ... 0 0 0],2,186.91057052119095,8.000609901468113
osnet,std,DBSCAN,"{'eps': 32.0, 'min_samples': 256.0}",[0 0 0 ... 0 0 0],1,,
osnet,std,DBSCAN,"{'eps': 64.0, 'min_samples': 256.0}",[0 0 0 ... 0 0 0],1,,
osnet,std,DBSCAN,"{'eps': 128.0, 'min_samples': 256.0}",[0 0 0 ... 0 0 0],1,,
osnet,std,DBSCAN,"{'eps': 256.0, 'min_samples': 256.0}",[0 0 0 ... 0 0 0],1,,
osnet,std,DBSCAN,"{'eps': 512.0, 'min_samples': 256.0}",[0 0 0 ... 0 0 0],1,,
osnet,std,DBSCAN,"{'eps': 0.25, 'min_samples': 512.0}",[-1 -1 -1 ... -1 -1 -1],1,,
osnet,std,DBSCAN,"{'eps': 0.5, 'min_samples': 512.0}",[-1 -1 -1 ... -1 -1 -1],1,,
osnet,std,DBSCAN,"{'eps': 1.0, 'min_samples': 512.0}",[-1 -1 -1 ... -1 -1 -1],1,,
osnet,std,DBSCAN,"{'eps': 2.0, 'min_samples': 512.0}",[-1 -1 -1 ... -1 -1 -1],1,,
osnet,std,DBSCAN,"{'eps': 4.0, 'min_samples': 512.0}",[-1 -1 -1 ... -1 -1 -1],1,,
osnet,std,DBSCAN,"{'eps': 8.0, 'min_samples': 512.0}",[-1 -1 -1 ... -1 -1 -1],1,,
osnet,std,DBSCAN,"{'eps': 16.0, 'min_samples': 512.0}",[0 0 0 ... 0 0 0],2,187.15441183660155,8.084424685212916
osnet,std,DBSCAN,"{'eps': 32.0, 'min_samples': 512.0}",[0 0 0 ... 0 0 0],1,,
osnet,std,DBSCAN,"{'eps': 64.0, 'min_samples': 512.0}",[0 0 0 ... 0 0 0],1,,
osnet,std,DBSCAN,"{'eps': 128.0, 'min_samples': 512.0}",[0 0 0 ... 0 0 0],1,,
osnet,std,DBSCAN,"{'eps': 256.0, 'min_samples': 512.0}",[0 0 0 ... 0 0 0],1,,
osnet,std,DBSCAN,"{'eps': 512.0, 'min_samples': 512.0}",[0 0 0 ... 0 0 0],1,,
osnet,norm,HDBSCAN,{'min_cluster_size': 8},[11 11 11 ... 11 11 11],18,66.35359000448696,2.4740206024891984
osnet,norm,HDBSCAN,{'min_cluster_size': 16},[5 5 5 ... 5 5 5],10,90.42694989683373,3.065217791616652
osnet,norm,HDBSCAN,{'min_cluster_size': 32},[17 17 17 ... 17 17 17],21,100.45177755636858,3.012364278425011
osnet,norm,HDBSCAN,{'min_cluster_size': 64},[ 0  0 -1 ...  0  0  0],3,270.5862623695866,7.2749299100589795
osnet,norm,HDBSCAN,{'min_cluster_size': 128},[-1 -1 -1 ... -1 -1 -1],1,,
osnet,norm,HDBSCAN,{'min_cluster_size': 256},[-1 -1 -1 ... -1 -1 -1],1,,
osnet,norm,HDBSCAN,{'min_cluster_size': 512},[-1 -1 -1 ... -1 -1 -1],1,,
osnet,std,HDBSCAN,{'min_cluster_size': 8},[13 13 13 ... 13 13 13],17,59.14564910743238,3.0887145909294054
osnet,std,HDBSCAN,{'min_cluster_size': 16},[3 3 3 ... 3 3 3],8,81.18144185963584,4.4184741722226715
osnet,std,HDBSCAN,{'min_cluster_size': 32},[0 0 0 ... 0 0 0],3,70.96364020086257,6.224486866692414
osnet,std,HDBSCAN,{'min_cluster_size': 64},[-1 -1 -1 ... -1 -1 -1],1,,
osnet,std,HDBSCAN,{'min_cluster_size': 128},[-1 -1 -1 ... -1 -1 -1],1,,
osnet,std,HDBSCAN,{'min_cluster_size': 256},[-1 -1 -1 ... -1 -1 -1],1,,
osnet,std,HDBSCAN,{'min_cluster_size': 512},[-1 -1 -1 ... -1 -1 -1],1,,
vdc_color,norm,KMeans,{'n_clusters': 2},[1 1 1 ... 1 1 1],2,1439.5807288266944,5.294130067698819
vdc_color,norm,KMeans,{'n_clusters': 3},[2 2 2 ... 2 2 2],3,720.5881826923611,3.80103579664695
vdc_color,norm,KMeans,{'n_clusters': 4},[2 1 1 ... 2 1 2],4,731.5969818028244,7.304559633338797
vdc_color,norm,KMeans,{'n_clusters': 5},[4 2 2 ... 4 2 3],5,606.7324214136439,6.458748164398246
vdc_color,norm,KMeans,{'n_clusters': 6},[2 2 2 ... 2 2 3],6,514.7868963876748,5.9301693466392
vdc_color,norm,KMeans,{'n_clusters': 7},[3 4 5 ... 3 5 6],7,461.24277369148103,5.386133714100105
vdc_color,norm,KMeans,{'n_clusters': 8},[7 0 3 ... 7 3 3],8,430.8035353300331,5.795261738362521
vdc_color,norm,KMeans,{'n_clusters': 9},[2 3 1 ... 2 1 1],9,432.8985010683298,5.711622186213152
vdc_color,norm,KMeans,{'n_clusters': 10},[9 4 4 ... 7 5 5],10,387.5611645229812,5.315091414330947
vdc_color,norm,KMeans,{'n_clusters': 11},[ 4  2  5 ...  0 10 10],11,388.0567562129647,5.533220029482894
vdc_color,norm,KMeans,{'n_clusters': 12},[ 9  1 11 ...  9 11 11],12,327.2531387348946,4.649222982389614
vdc_color,norm,KMeans,{'n_clusters': 13},[ 7  2  8 ...  6  8 11],13,343.5275214662848,5.025988152604688
vdc_color,norm,KMeans,{'n_clusters': 14},[ 7  9  9 ... 11 12 12],14,316.97067622030556,5.108390031130375
vdc_color,norm,KMeans,{'n_clusters': 15},[8 2 1 ... 0 7 7],15,333.3153706046898,5.060956721240573
vdc_color,norm,KMeans,{'n_clusters': 16},[ 7  1  8 ...  7 15 15],16,306.7268605570968,4.696069022300738
vdc_color,norm,KMeans,{'n_clusters': 17},[ 8  2  9 ... 11  9  9],17,307.08181985629835,5.058319992680176
vdc_color,norm,KMeans,{'n_clusters': 18},[ 8  2  2 ...  4 15 15],18,291.17178933862095,4.942870203790506
vdc_color,norm,KMeans,{'n_clusters': 19},[ 8 10 16 ...  3  9  9],19,284.1160258294309,4.774541218790318
vdc_color,norm,KMeans,{'n_clusters': 20},[10  1 12 ... 14 12 13],20,271.91575727819105,4.3952503107933785
vdc_color,norm,KMeans,{'n_clusters': 21},[19 11 20 ... 10 20 20],21,279.8896114596707,4.7521009921755395
vdc_color,norm,KMeans,{'n_clusters': 22},[ 0 11 19 ...  8  5  5],22,260.0040545891315,4.523590272933525
vdc_color,norm,KMeans,{'n_clusters': 23},[ 5 17  7 ...  9  7  1],23,250.69492806879322,4.604707866121349
vdc_color,norm,KMeans,{'n_clusters': 24},[ 9  0  3 ...  2 17  5],24,244.46660223727747,4.469991579752701
vdc_color,norm,KMeans,{'n_clusters': 25},[ 5 12  7 ... 15  7  2],25,241.24768630055854,4.429549064041189
vdc_color,norm,KMeans,{'n_clusters': 26},[23  5  8 ...  6  9  9],26,227.91801751834507,4.165153323557104
vdc_color,norm,KMeans,{'n_clusters': 27},[10 24  8 ...  0  5  5],27,228.78388812077714,4.390963821676324
vdc_color,norm,KMeans,{'n_clusters': 28},[ 6  8 24 ... 10 24  5],28,220.6757340108577,4.224879852647468
vdc_color,norm,KMeans,{'n_clusters': 29},[12 19 26 ...  0  7 18],29,222.88879191491836,4.422041922087865
vdc_color,norm,KMeans,{'n_clusters': 30},[11 19 14 ...  5 13 22],30,224.18467264238814,4.4706615142882535
vdc_color,std,KMeans,{'n_clusters': 2},[1 1 1 ... 1 1 1],2,357.9278784147842,10.61320725813579
vdc_color,std,KMeans,{'n_clusters': 3},[2 1 1 ... 2 1 2],3,162.86833343348974,7.612766108138092
vdc_color,std,KMeans,{'n_clusters': 4},[1 1 1 ... 2 1 1],4,285.68659161773303,7.7100933830619365
vdc_color,std,KMeans,{'n_clusters': 5},[1 2 2 ... 1 2 1],5,283.57166522236565,7.293061509557357
vdc_color,std,KMeans,{'n_clusters': 6},[5 1 4 ... 3 1 5],6,295.82595516761614,7.226477422922503
vdc_color,std,KMeans,{'n_clusters': 7},[4 6 5 ... 3 6 4],7,242.06057138291138,6.4788148721897745
vdc_color,std,KMeans,{'n_clusters': 8},[5 0 1 ... 3 1 1],8,285.7408983431402,6.282150911388215
vdc_color,std,KMeans,{'n_clusters': 9},[3 8 5 ... 6 8 8],9,272.91738972596136,6.103244867867673
vdc_color,std,KMeans,{'n_clusters': 10},[5 1 7 ... 0 7 7],10,249.3316658760688,5.607685809646147
vdc_color,std,KMeans,{'n_clusters': 11},[9 4 7 ... 5 6 9],11,242.81348493156838,5.762567771337069
vdc_color,std,KMeans,{'n_clusters': 12},[8 7 3 ... 2 3 3],12,238.66844154894005,5.370797479974985
vdc_color,std,KMeans,{'n_clusters': 13},[10  2  5 ...  3  9 10],13,222.00447693035463,5.107988152046923
vdc_color,std,KMeans,{'n_clusters': 14},[ 9  2 12 ... 11  5  5],14,210.34722615002232,5.02473667306775
vdc_color,std,KMeans,{'n_clusters': 15},[ 8  2 11 ...  7  0  0],15,237.4004132619494,5.414090031800685
vdc_color,std,KMeans,{'n_clusters': 16},[ 0  2 15 ...  5 12 12],16,228.3646376790858,5.342514495248537
vdc_color,std,KMeans,{'n_clusters': 17},[ 8 12  1 ...  4  1 13],17,218.0093992936181,5.144297146851929
vdc_color,std,KMeans,{'n_clusters': 18},[ 8 16 10 ...  0 10  5],18,214.28634312082892,5.06467359952573
vdc_color,std,KMeans,{'n_clusters': 19},[17  7  0 ...  6  0  8],19,213.67439480414154,5.181500286543192
vdc_color,std,KMeans,{'n_clusters': 20},[12 11 16 ... 10 15 15],20,207.63966511051106,4.90104196979372
vdc_color,std,KMeans,{'n_clusters': 21},[ 6  0 12 ... 10  2  1],21,207.48633355623937,5.017055326790664
vdc_color,std,KMeans,{'n_clusters': 22},[ 5  2 18 ... 11 13 13],22,194.12080905512525,4.680512582495044
vdc_color,std,KMeans,{'n_clusters': 23},[20  8  5 ...  3  5 12],23,184.70509100840385,4.5050340443407215
vdc_color,std,KMeans,{'n_clusters': 24},[ 5 12 10 ...  2 10 15],24,194.45481114487296,4.744728440310406
vdc_color,std,KMeans,{'n_clusters': 25},[ 6 17 14 ... 15 19 19],25,183.0335212379323,4.546228669295838
vdc_color,std,KMeans,{'n_clusters': 26},[ 9 17  2 ... 23  2 15],26,179.23466367245177,4.427718580682712
vdc_color,std,KMeans,{'n_clusters': 27},[26  0  2 ... 17  2 18],27,173.09275837197728,4.430750167422746
vdc_color,std,KMeans,{'n_clusters': 28},[ 2  8 19 ...  9 19  4],28,172.90332739390908,4.416332595390068
vdc_color,std,KMeans,{'n_clusters': 29},[ 5 17 26 ...  2 26 24],29,172.23289297334665,4.4638860513698155
vdc_color,std,KMeans,{'n_clusters': 30},[ 5 19 12 ...  2 20 20],30,173.0170241242395,4.432792821659598
vdc_color,norm,DBSCAN,"{'eps': 0.25, 'min_samples': 8.0}",[-1 -1 -1 ... -1 -1 -1],1,,
vdc_color,norm,DBSCAN,"{'eps': 0.5, 'min_samples': 8.0}",[-1 -1 -1 ... -1 -1 -1],1,,
vdc_color,norm,DBSCAN,"{'eps': 1.0, 'min_samples': 8.0}",[0 0 0 ... 0 0 0],3,86.19795469219399,10.374620408354177
vdc_color,norm,DBSCAN,"{'eps': 2.0, 'min_samples': 8.0}",[0 0 0 ... 0 0 0],2,5.5139264717387775,0.419597045202594
vdc_color,norm,DBSCAN,"{'eps': 4.0, 'min_samples': 8.0}",[0 0 0 ... 0 0 0],1,,
vdc_color,norm,DBSCAN,"{'eps': 8.0, 'min_samples': 8.0}",[0 0 0 ... 0 0 0],1,,
vdc_color,norm,DBSCAN,"{'eps': 16.0, 'min_samples': 8.0}",[0 0 0 ... 0 0 0],1,,
vdc_color,norm,DBSCAN,"{'eps': 32.0, 'min_samples': 8.0}",[0 0 0 ... 0 0 0],1,,
vdc_color,norm,DBSCAN,"{'eps': 64.0, 'min_samples': 8.0}",[0 0 0 ... 0 0 0],1,,
vdc_color,norm,DBSCAN,"{'eps': 128.0, 'min_samples': 8.0}",[0 0 0 ... 0 0 0],1,,
vdc_color,norm,DBSCAN,"{'eps': 256.0, 'min_samples': 8.0}",[0 0 0 ... 0 0 0],1,,
vdc_color,norm,DBSCAN,"{'eps': 512.0, 'min_samples': 8.0}",[0 0 0 ... 0 0 0],1,,
vdc_color,norm,DBSCAN,"{'eps': 0.25, 'min_samples': 16.0}",[-1 -1 -1 ... -1 -1 -1],1,,
vdc_color,norm,DBSCAN,"{'eps': 0.5, 'min_samples': 16.0}",[-1 -1 -1 ... -1 -1 -1],1,,
vdc_color,norm,DBSCAN,"{'eps': 1.0, 'min_samples': 16.0}",[0 0 0 ... 0 0 0],2,172.78929572459393,14.46774370945513
vdc_color,norm,DBSCAN,"{'eps': 2.0, 'min_samples': 16.0}",[0 0 0 ... 0 0 0],2,5.5139264717387775,0.419597045202594
vdc_color,norm,DBSCAN,"{'eps': 4.0, 'min_samples': 16.0}",[0 0 0 ... 0 0 0],1,,
vdc_color,norm,DBSCAN,"{'eps': 8.0, 'min_samples': 16.0}",[0 0 0 ... 0 0 0],1,,
vdc_color,norm,DBSCAN,"{'eps': 16.0, 'min_samples': 16.0}",[0 0 0 ... 0 0 0],1,,
vdc_color,norm,DBSCAN,"{'eps': 32.0, 'min_samples': 16.0}",[0 0 0 ... 0 0 0],1,,
vdc_color,norm,DBSCAN,"{'eps': 64.0, 'min_samples': 16.0}",[0 0 0 ... 0 0 0],1,,
vdc_color,norm,DBSCAN,"{'eps': 128.0, 'min_samples': 16.0}",[0 0 0 ... 0 0 0],1,,
vdc_color,norm,DBSCAN,"{'eps': 256.0, 'min_samples': 16.0}",[0 0 0 ... 0 0 0],1,,
vdc_color,norm,DBSCAN,"{'eps': 512.0, 'min_samples': 16.0}",[0 0 0 ... 0 0 0],1,,
vdc_color,norm,DBSCAN,"{'eps': 0.25, 'min_samples': 32.0}",[-1 -1 -1 ... -1 -1 -1],1,,
vdc_color,norm,DBSCAN,"{'eps': 0.5, 'min_samples': 32.0}",[-1 -1 -1 ... -1 -1 -1],1,,
vdc_color,norm,DBSCAN,"{'eps': 1.0, 'min_samples': 32.0}",[0 0 0 ... 0 0 0],2,176.50431711005743,14.494997390365805
vdc_color,norm,DBSCAN,"{'eps': 2.0, 'min_samples': 32.0}",[0 0 0 ... 0 0 0],2,5.5139264717387775,0.419597045202594
vdc_color,norm,DBSCAN,"{'eps': 4.0, 'min_samples': 32.0}",[0 0 0 ... 0 0 0],1,,
vdc_color,norm,DBSCAN,"{'eps': 8.0, 'min_samples': 32.0}",[0 0 0 ... 0 0 0],1,,
vdc_color,norm,DBSCAN,"{'eps': 16.0, 'min_samples': 32.0}",[0 0 0 ... 0 0 0],1,,
vdc_color,norm,DBSCAN,"{'eps': 32.0, 'min_samples': 32.0}",[0 0 0 ... 0 0 0],1,,
vdc_color,norm,DBSCAN,"{'eps': 64.0, 'min_samples': 32.0}",[0 0 0 ... 0 0 0],1,,
vdc_color,norm,DBSCAN,"{'eps': 128.0, 'min_samples': 32.0}",[0 0 0 ... 0 0 0],1,,
vdc_color,norm,DBSCAN,"{'eps': 256.0, 'min_samples': 32.0}",[0 0 0 ... 0 0 0],1,,
vdc_color,norm,DBSCAN,"{'eps': 512.0, 'min_samples': 32.0}",[0 0 0 ... 0 0 0],1,,
vdc_color,norm,DBSCAN,"{'eps': 0.25, 'min_samples': 64.0}",[-1 -1 -1 ... -1 -1 -1],1,,
vdc_color,norm,DBSCAN,"{'eps': 0.5, 'min_samples': 64.0}",[-1 -1 -1 ... -1 -1 -1],1,,
vdc_color,norm,DBSCAN,"{'eps': 1.0, 'min_samples': 64.0}",[ 0  0 -1 ...  0  0  0],2,179.98259162960517,14.51364992094347
vdc_color,norm,DBSCAN,"{'eps': 2.0, 'min_samples': 64.0}",[0 0 0 ... 0 0 0],2,5.5139264717387775,0.419597045202594
vdc_color,norm,DBSCAN,"{'eps': 4.0, 'min_samples': 64.0}",[0 0 0 ... 0 0 0],1,,
vdc_color,norm,DBSCAN,"{'eps': 8.0, 'min_samples': 64.0}",[0 0 0 ... 0 0 0],1,,
vdc_color,norm,DBSCAN,"{'eps': 16.0, 'min_samples': 64.0}",[0 0 0 ... 0 0 0],1,,
vdc_color,norm,DBSCAN,"{'eps': 32.0, 'min_samples': 64.0}",[0 0 0 ... 0 0 0],1,,
vdc_color,norm,DBSCAN,"{'eps': 64.0, 'min_samples': 64.0}",[0 0 0 ... 0 0 0],1,,
vdc_color,norm,DBSCAN,"{'eps': 128.0, 'min_samples': 64.0}",[0 0 0 ... 0 0 0],1,,
vdc_color,norm,DBSCAN,"{'eps': 256.0, 'min_samples': 64.0}",[0 0 0 ... 0 0 0],1,,
vdc_color,norm,DBSCAN,"{'eps': 512.0, 'min_samples': 64.0}",[0 0 0 ... 0 0 0],1,,
vdc_color,norm,DBSCAN,"{'eps': 0.25, 'min_samples': 128.0}",[-1 -1 -1 ... -1 -1 -1],1,,
vdc_color,norm,DBSCAN,"{'eps': 0.5, 'min_samples': 128.0}",[-1 -1 -1 ... -1 -1 -1],1,,
vdc_color,norm,DBSCAN,"{'eps': 1.0, 'min_samples': 128.0}",[ 0  0 -1 ...  0  0  0],2,182.61992289456782,14.551271980949593
vdc_color,norm,DBSCAN,"{'eps': 2.0, 'min_samples': 128.0}",[0 0 0 ... 0 0 0],2,5.5139264717387775,0.419597045202594
vdc_color,norm,DBSCAN,"{'eps': 4.0, 'min_samples': 128.0}",[0 0 0 ... 0 0 0],1,,
vdc_color,norm,DBSCAN,"{'eps': 8.0, 'min_samples': 128.0}",[0 0 0 ... 0 0 0],1,,
vdc_color,norm,DBSCAN,"{'eps': 16.0, 'min_samples': 128.0}",[0 0 0 ... 0 0 0],1,,
vdc_color,norm,DBSCAN,"{'eps': 32.0, 'min_samples': 128.0}",[0 0 0 ... 0 0 0],1,,
vdc_color,norm,DBSCAN,"{'eps': 64.0, 'min_samples': 128.0}",[0 0 0 ... 0 0 0],1,,
vdc_color,norm,DBSCAN,"{'eps': 128.0, 'min_samples': 128.0}",[0 0 0 ... 0 0 0],1,,
vdc_color,norm,DBSCAN,"{'eps': 256.0, 'min_samples': 128.0}",[0 0 0 ... 0 0 0],1,,
vdc_color,norm,DBSCAN,"{'eps': 512.0, 'min_samples': 128.0}",[0 0 0 ... 0 0 0],1,,
vdc_color,norm,DBSCAN,"{'eps': 0.25, 'min_samples': 256.0}",[-1 -1 -1 ... -1 -1 -1],1,,
vdc_color,norm,DBSCAN,"{'eps': 0.5, 'min_samples': 256.0}",[-1 -1 -1 ... -1 -1 -1],1,,
vdc_color,norm,DBSCAN,"{'eps': 1.0, 'min_samples': 256.0}",[ 0  0 -1 ... -1  0  0],2,185.9606898326252,14.563256922008778
vdc_color,norm,DBSCAN,"{'eps': 2.0, 'min_samples': 256.0}",[0 0 0 ... 0 0 0],2,5.5139264717387775,0.419597045202594
vdc_color,norm,DBSCAN,"{'eps': 4.0, 'min_samples': 256.0}",[0 0 0 ... 0 0 0],1,,
vdc_color,norm,DBSCAN,"{'eps': 8.0, 'min_samples': 256.0}",[0 0 0 ... 0 0 0],1,,
vdc_color,norm,DBSCAN,"{'eps': 16.0, 'min_samples': 256.0}",[0 0 0 ... 0 0 0],1,,
vdc_color,norm,DBSCAN,"{'eps': 32.0, 'min_samples': 256.0}",[0 0 0 ... 0 0 0],1,,
vdc_color,norm,DBSCAN,"{'eps': 64.0, 'min_samples': 256.0}",[0 0 0 ... 0 0 0],1,,
vdc_color,norm,DBSCAN,"{'eps': 128.0, 'min_samples': 256.0}",[0 0 0 ... 0 0 0],1,,
vdc_color,norm,DBSCAN,"{'eps': 256.0, 'min_samples': 256.0}",[0 0 0 ... 0 0 0],1,,
vdc_color,norm,DBSCAN,"{'eps': 512.0, 'min_samples': 256.0}",[0 0 0 ... 0 0 0],1,,
vdc_color,norm,DBSCAN,"{'eps': 0.25, 'min_samples': 512.0}",[-1 -1 -1 ... -1 -1 -1],1,,
vdc_color,norm,DBSCAN,"{'eps': 0.5, 'min_samples': 512.0}",[-1 -1 -1 ... -1 -1 -1],1,,
vdc_color,norm,DBSCAN,"{'eps': 1.0, 'min_samples': 512.0}",[ 0  0 -1 ... -1  0  0],2,187.50698151799511,14.634817943615916
vdc_color,norm,DBSCAN,"{'eps': 2.0, 'min_samples': 512.0}",[0 0 0 ... 0 0 0],2,5.5139264717387775,0.419597045202594
vdc_color,norm,DBSCAN,"{'eps': 4.0, 'min_samples': 512.0}",[0 0 0 ... 0 0 0],1,,
vdc_color,norm,DBSCAN,"{'eps': 8.0, 'min_samples': 512.0}",[0 0 0 ... 0 0 0],1,,
vdc_color,norm,DBSCAN,"{'eps': 16.0, 'min_samples': 512.0}",[0 0 0 ... 0 0 0],1,,
vdc_color,norm,DBSCAN,"{'eps': 32.0, 'min_samples': 512.0}",[0 0 0 ... 0 0 0],1,,
vdc_color,norm,DBSCAN,"{'eps': 64.0, 'min_samples': 512.0}",[0 0 0 ... 0 0 0],1,,
vdc_color,norm,DBSCAN,"{'eps': 128.0, 'min_samples': 512.0}",[0 0 0 ... 0 0 0],1,,
vdc_color,norm,DBSCAN,"{'eps': 256.0, 'min_samples': 512.0}",[0 0 0 ... 0 0 0],1,,
vdc_color,norm,DBSCAN,"{'eps': 512.0, 'min_samples': 512.0}",[0 0 0 ... 0 0 0],1,,
vdc_color,std,DBSCAN,"{'eps': 0.25, 'min_samples': 8.0}",[-1 -1 -1 ... -1 -1 -1],1,,
vdc_color,std,DBSCAN,"{'eps': 0.5, 'min_samples': 8.0}",[-1 -1 -1 ... -1 -1 -1],1,,
vdc_color,std,DBSCAN,"{'eps': 1.0, 'min_samples': 8.0}",[-1 -1 -1 ... -1 -1 -1],1,,
vdc_color,std,DBSCAN,"{'eps': 2.0, 'min_samples': 8.0}",[-1 -1 -1 ... -1 -1 -1],1,,
vdc_color,std,DBSCAN,"{'eps': 4.0, 'min_samples': 8.0}",[-1 -1 -1 ... -1 -1 -1],1,,
vdc_color,std,DBSCAN,"{'eps': 8.0, 'min_samples': 8.0}",[-1 -1 -1 ... -1 -1 -1],8,24.154034721979695,4.314926579461523
vdc_color,std,DBSCAN,"{'eps': 16.0, 'min_samples': 8.0}",[0 0 0 ... 0 0 0],2,36.22231720500325,3.806199755954694
vdc_color,std,DBSCAN,"{'eps': 32.0, 'min_samples': 8.0}",[0 0 0 ... 0 0 0],1,,
vdc_color,std,DBSCAN,"{'eps': 64.0, 'min_samples': 8.0}",[0 0 0 ... 0 0 0],1,,
vdc_color,std,DBSCAN,"{'eps': 128.0, 'min_samples': 8.0}",[0 0 0 ... 0 0 0],1,,
vdc_color,std,DBSCAN,"{'eps': 256.0, 'min_samples': 8.0}",[0 0 0 ... 0 0 0],1,,
vdc_color,std,DBSCAN,"{'eps': 512.0, 'min_samples': 8.0}",[0 0 0 ... 0 0 0],1,,
vdc_color,std,DBSCAN,"{'eps': 0.25, 'min_samples': 16.0}",[-1 -1 -1 ... -1 -1 -1],1,,
vdc_color,std,DBSCAN,"{'eps': 0.5, 'min_samples': 16.0}",[-1 -1 -1 ... -1 -1 -1],1,,
vdc_color,std,DBSCAN,"{'eps': 1.0, 'min_samples': 16.0}",[-1 -1 -1 ... -1 -1 -1],1,,
vdc_color,std,DBSCAN,"{'eps': 2.0, 'min_samples': 16.0}",[-1 -1 -1 ... -1 -1 -1],1,,
vdc_color,std,DBSCAN,"{'eps': 4.0, 'min_samples': 16.0}",[-1 -1 -1 ... -1 -1 -1],1,,
vdc_color,std,DBSCAN,"{'eps': 8.0, 'min_samples': 16.0}",[-1 -1 -1 ... -1 -1 -1],2,110.44481723860477,9.955558368313422
vdc_color,std,DBSCAN,"{'eps': 16.0, 'min_samples': 16.0}",[0 0 0 ... 0 0 0],2,36.18094736105648,3.8373873393094744
vdc_color,std,DBSCAN,"{'eps': 32.0, 'min_samples': 16.0}",[0 0 0 ... 0 0 0],1,,
vdc_color,std,DBSCAN,"{'eps': 64.0, 'min_samples': 16.0}",[0 0 0 ... 0 0 0],1,,
vdc_color,std,DBSCAN,"{'eps': 128.0, 'min_samples': 16.0}",[0 0 0 ... 0 0 0],1,,
vdc_color,std,DBSCAN,"{'eps': 256.0, 'min_samples': 16.0}",[0 0 0 ... 0 0 0],1,,
vdc_color,std,DBSCAN,"{'eps': 512.0, 'min_samples': 16.0}",[0 0 0 ... 0 0 0],1,,
vdc_color,std,DBSCAN,"{'eps': 0.25, 'min_samples': 32.0}",[-1 -1 -1 ... -1 -1 -1],1,,
vdc_color,std,DBSCAN,"{'eps': 0.5, 'min_samples': 32.0}",[-1 -1 -1 ... -1 -1 -1],1,,
vdc_color,std,DBSCAN,"{'eps': 1.0, 'min_samples': 32.0}",[-1 -1 -1 ... -1 -1 -1],1,,
vdc_color,std,DBSCAN,"{'eps': 2.0, 'min_samples': 32.0}",[-1 -1 -1 ... -1 -1 -1],1,,
vdc_color,std,DBSCAN,"{'eps': 4.0, 'min_samples': 32.0}",[-1 -1 -1 ... -1 -1 -1],1,,
vdc_color,std,DBSCAN,"{'eps': 8.0, 'min_samples': 32.0}",[-1 -1 -1 ... -1 -1 -1],5,35.34078240756058,5.453260022571217
vdc_color,std,DBSCAN,"{'eps': 16.0, 'min_samples': 32.0}",[0 0 0 ... 0 0 0],2,39.44433551487612,3.81136169124404
vdc_color,std,DBSCAN,"{'eps': 32.0, 'min_samples': 32.0}",[0 0 0 ... 0 0 0],1,,
vdc_color,std,DBSCAN,"{'eps': 64.0, 'min_samples': 32.0}",[0 0 0 ... 0 0 0],1,,
vdc_color,std,DBSCAN,"{'eps': 128.0, 'min_samples': 32.0}",[0 0 0 ... 0 0 0],1,,
vdc_color,std,DBSCAN,"{'eps': 256.0, 'min_samples': 32.0}",[0 0 0 ... 0 0 0],1,,
vdc_color,std,DBSCAN,"{'eps': 512.0, 'min_samples': 32.0}",[0 0 0 ... 0 0 0],1,,
vdc_color,std,DBSCAN,"{'eps': 0.25, 'min_samples': 64.0}",[-1 -1 -1 ... -1 -1 -1],1,,
vdc_color,std,DBSCAN,"{'eps': 0.5, 'min_samples': 64.0}",[-1 -1 -1 ... -1 -1 -1],1,,
vdc_color,std,DBSCAN,"{'eps': 1.0, 'min_samples': 64.0}",[-1 -1 -1 ... -1 -1 -1],1,,
vdc_color,std,DBSCAN,"{'eps': 2.0, 'min_samples': 64.0}",[-1 -1 -1 ... -1 -1 -1],1,,
vdc_color,std,DBSCAN,"{'eps': 4.0, 'min_samples': 64.0}",[-1 -1 -1 ... -1 -1 -1],1,,
vdc_color,std,DBSCAN,"{'eps': 8.0, 'min_samples': 64.0}",[-1 -1 -1 ... -1 -1 -1],2,81.78751504789712,8.278831334860492
vdc_color,std,DBSCAN,"{'eps': 16.0, 'min_samples': 64.0}",[0 0 0 ... 0 0 0],2,40.31603700095111,3.8540299002750036
vdc_color,std,DBSCAN,"{'eps': 32.0, 'min_samples': 64.0}",[0 0 0 ... 0 0 0],1,,
vdc_color,std,DBSCAN,"{'eps': 64.0, 'min_samples': 64.0}",[0 0 0 ... 0 0 0],1,,
vdc_color,std,DBSCAN,"{'eps': 128.0, 'min_samples': 64.0}",[0 0 0 ... 0 0 0],1,,
vdc_color,std,DBSCAN,"{'eps': 256.0, 'min_samples': 64.0}",[0 0 0 ... 0 0 0],1,,
vdc_color,std,DBSCAN,"{'eps': 512.0, 'min_samples': 64.0}",[0 0 0 ... 0 0 0],1,,
vdc_color,std,DBSCAN,"{'eps': 0.25, 'min_samples': 128.0}",[-1 -1 -1 ... -1 -1 -1],1,,
vdc_color,std,DBSCAN,"{'eps': 0.5, 'min_samples': 128.0}",[-1 -1 -1 ... -1 -1 -1],1,,
vdc_color,std,DBSCAN,"{'eps': 1.0, 'min_samples': 128.0}",[-1 -1 -1 ... -1 -1 -1],1,,
vdc_color,std,DBSCAN,"{'eps': 2.0, 'min_samples': 128.0}",[-1 -1 -1 ... -1 -1 -1],1,,
vdc_color,std,DBSCAN,"{'eps': 4.0, 'min_samples': 128.0}",[-1 -1 -1 ... -1 -1 -1],1,,
vdc_color,std,DBSCAN,"{'eps': 8.0, 'min_samples': 128.0}",[-1 -1 -1 ... -1 -1 -1],2,55.64307447079514,7.410905583548202
vdc_color,std,DBSCAN,"{'eps': 16.0, 'min_samples': 128.0}",[0 0 0 ... 0 0 0],2,42.52808130491876,3.849881126096707
vdc_color,std,DBSCAN,"{'eps': 32.0, 'min_samples': 128.0}",[0 0 0 ... 0 0 0],1,,
vdc_color,std,DBSCAN,"{'eps': 64.0, 'min_samples': 128.0}",[0 0 0 ... 0 0 0],1,,
vdc_color,std,DBSCAN,"{'eps': 128.0, 'min_samples': 128.0}",[0 0 0 ... 0 0 0],1,,
vdc_color,std,DBSCAN,"{'eps': 256.0, 'min_samples': 128.0}",[0 0 0 ... 0 0 0],1,,
vdc_color,std,DBSCAN,"{'eps': 512.0, 'min_samples': 128.0}",[0 0 0 ... 0 0 0],1,,
vdc_color,std,DBSCAN,"{'eps': 0.25, 'min_samples': 256.0}",[-1 -1 -1 ... -1 -1 -1],1,,
vdc_color,std,DBSCAN,"{'eps': 0.5, 'min_samples': 256.0}",[-1 -1 -1 ... -1 -1 -1],1,,
vdc_color,std,DBSCAN,"{'eps': 1.0, 'min_samples': 256.0}",[-1 -1 -1 ... -1 -1 -1],1,,
vdc_color,std,DBSCAN,"{'eps': 2.0, 'min_samples': 256.0}",[-1 -1 -1 ... -1 -1 -1],1,,
vdc_color,std,DBSCAN,"{'eps': 4.0, 'min_samples': 256.0}",[-1 -1 -1 ... -1 -1 -1],1,,
vdc_color,std,DBSCAN,"{'eps': 8.0, 'min_samples': 256.0}",[-1 -1 -1 ... -1 -1 -1],2,28.133158870622214,6.54210061383477
vdc_color,std,DBSCAN,"{'eps': 16.0, 'min_samples': 256.0}",[0 0 0 ... 0 0 0],2,47.59006633616259,3.7459248792298543
vdc_color,std,DBSCAN,"{'eps': 32.0, 'min_samples': 256.0}",[0 0 0 ... 0 0 0],1,,
vdc_color,std,DBSCAN,"{'eps': 64.0, 'min_samples': 256.0}",[0 0 0 ... 0 0 0],1,,
vdc_color,std,DBSCAN,"{'eps': 128.0, 'min_samples': 256.0}",[0 0 0 ... 0 0 0],1,,
vdc_color,std,DBSCAN,"{'eps': 256.0, 'min_samples': 256.0}",[0 0 0 ... 0 0 0],1,,
vdc_color,std,DBSCAN,"{'eps': 512.0, 'min_samples': 256.0}",[0 0 0 ... 0 0 0],1,,
vdc_color,std,DBSCAN,"{'eps': 0.25, 'min_samples': 512.0}",[-1 -1 -1 ... -1 -1 -1],1,,
vdc_color,std,DBSCAN,"{'eps': 0.5, 'min_samples': 512.0}",[-1 -1 -1 ... -1 -1 -1],1,,
vdc_color,std,DBSCAN,"{'eps': 1.0, 'min_samples': 512.0}",[-1 -1 -1 ... -1 -1 -1],1,,
vdc_color,std,DBSCAN,"{'eps': 2.0, 'min_samples': 512.0}",[-1 -1 -1 ... -1 -1 -1],1,,
vdc_color,std,DBSCAN,"{'eps': 4.0, 'min_samples': 512.0}",[-1 -1 -1 ... -1 -1 -1],1,,
vdc_color,std,DBSCAN,"{'eps': 8.0, 'min_samples': 512.0}",[-1 -1 -1 ... -1 -1 -1],1,,
vdc_color,std,DBSCAN,"{'eps': 16.0, 'min_samples': 512.0}",[0 0 0 ... 0 0 0],2,50.21544073960506,3.706132209061699
vdc_color,std,DBSCAN,"{'eps': 32.0, 'min_samples': 512.0}",[0 0 0 ... 0 0 0],1,,
vdc_color,std,DBSCAN,"{'eps': 64.0, 'min_samples': 512.0}",[0 0 0 ... 0 0 0],1,,
vdc_color,std,DBSCAN,"{'eps': 128.0, 'min_samples': 512.0}",[0 0 0 ... 0 0 0],1,,
vdc_color,std,DBSCAN,"{'eps': 256.0, 'min_samples': 512.0}",[0 0 0 ... 0 0 0],1,,
vdc_color,std,DBSCAN,"{'eps': 512.0, 'min_samples': 512.0}",[0 0 0 ... 0 0 0],1,,
vdc_color,norm,HDBSCAN,{'min_cluster_size': 8},[-1 -1 -1 ... -1 -1 -1],3,63.90285724729619,7.969126714838975
vdc_color,norm,HDBSCAN,{'min_cluster_size': 16},[-1 -1 -1 ... -1 -1 -1],1,,
vdc_color,norm,HDBSCAN,{'min_cluster_size': 32},[-1  0 -1 ... -1 -1  0],3,88.84432463109691,9.717434663007245
vdc_color,norm,HDBSCAN,{'min_cluster_size': 64},[-1 -1 -1 ... -1 -1 -1],1,,
vdc_color,norm,HDBSCAN,{'min_cluster_size': 128},[-1 -1 -1 ... -1 -1 -1],1,,
vdc_color,norm,HDBSCAN,{'min_cluster_size': 256},[-1 -1 -1 ... -1 -1 -1],1,,
vdc_color,norm,HDBSCAN,{'min_cluster_size': 512},[-1 -1 -1 ... -1 -1 -1],1,,
vdc_color,std,HDBSCAN,{'min_cluster_size': 8},[ 1  1 -1 ... -1  1  1],3,99.07561790285531,8.821774770367112
vdc_color,std,HDBSCAN,{'min_cluster_size': 16},[-1 -1 -1 ... -1 -1 -1],1,,
vdc_color,std,HDBSCAN,{'min_cluster_size': 32},[-1  1 -1 ... -1 -1  1],4,67.91816524484261,7.818343726261549
vdc_color,std,HDBSCAN,{'min_cluster_size': 64},[-1 -1 -1 ... -1 -1 -1],1,,
vdc_color,std,HDBSCAN,{'min_cluster_size': 128},[-1 -1 -1 ... -1 -1 -1],1,,
vdc_color,std,HDBSCAN,{'min_cluster_size': 256},[-1 -1 -1 ... -1 -1 -1],1,,
vdc_color,std,HDBSCAN,{'min_cluster_size': 512},[-1 -1 -1 ... -1 -1 -1],1,,
vdc_type,norm,KMeans,{'n_clusters': 2},[1 1 1 ... 0 1 1],2,759.2711786784929,7.264994922590354
vdc_type,norm,KMeans,{'n_clusters': 3},[1 1 1 ... 0 2 2],3,558.323432430407,6.802259192992357
vdc_type,norm,KMeans,{'n_clusters': 4},[1 1 2 ... 3 1 1],4,486.876499241605,7.122291374625398
vdc_type,norm,KMeans,{'n_clusters': 5},[4 4 1 ... 2 0 0],5,452.1119308073219,6.81143379324224
vdc_type,norm,KMeans,{'n_clusters': 6},[3 3 3 ... 2 5 5],6,403.20747723305396,6.533865027986871
vdc_type,norm,KMeans,{'n_clusters': 7},[0 0 2 ... 3 2 2],7,313.7774189905122,5.562354046862842
vdc_type,norm,KMeans,{'n_clusters': 8},[1 1 3 ... 7 3 3],8,338.9244130280683,5.65818959875317
vdc_type,norm,KMeans,{'n_clusters': 9},[0 0 6 ... 8 7 7],9,343.39818208437555,5.39242321872369
vdc_type,norm,KMeans,{'n_clusters': 10},[0 0 9 ... 8 5 9],10,331.8988166814674,5.44132869330339
vdc_type,norm,KMeans,{'n_clusters': 11},[ 6  6  2 ... 10  0  0],11,297.42473808463313,5.201208371575317
vdc_type,norm,KMeans,{'n_clusters': 12},[ 8  8  0 ... 10 11  0],12,290.0785864432061,5.086551624353008
vdc_type,norm,KMeans,{'n_clusters': 13},[6 6 5 ... 0 9 5],13,301.91246298951984,5.274030285043485
vdc_type,norm,KMeans,{'n_clusters': 14},[ 9 11  0 ...  8 13 13],14,288.6543502278398,4.95944759365028
vdc_type,norm,KMeans,{'n_clusters': 15},[ 6  6 10 ...  2 14  9],15,286.61194146246305,5.055124043755089
vdc_type,std,KMeans,{'n_clusters': 2},[1 1 1 ... 1 1 1],2,199.15427403754282,2.0883434529456073
vdc_type,std,KMeans,{'n_clusters': 3},[1 1 1 ... 1 1 1],3,221.4229112922975,8.56873781474408
vdc_type,std,KMeans,{'n_clusters': 4},[0 0 0 ... 0 0 0],4,144.62471929864464,2.73201531724799
vdc_type,std,KMeans,{'n_clusters': 5},[3 3 0 ... 3 4 4],5,219.4175400168914,9.161339295130352
vdc_type,std,KMeans,{'n_clusters': 6},[3 3 3 ... 0 3 3],6,183.67894675979375,7.642767187711519
vdc_type,std,KMeans,{'n_clusters': 7},[1 1 0 ... 2 1 1],7,192.00967882311502,6.749991971293439
vdc_type,std,KMeans,{'n_clusters': 8},[6 6 0 ... 4 3 3],8,214.33131763802862,7.5424922625357675
vdc_type,std,KMeans,{'n_clusters': 9},[2 2 1 ... 5 8 8],9,216.82365919547703,6.60135057451454
vdc_type,std,KMeans,{'n_clusters': 10},[8 8 4 ... 2 4 4],10,222.8331036325324,6.229290219686499
vdc_type,std,KMeans,{'n_clusters': 11},[ 8  8  8 ... 10  2  2],11,199.43479234556108,5.958096247779918
vdc_type,std,KMeans,{'n_clusters': 12},[ 4  4  8 ...  0 11 11],12,213.5608268604192,6.343336512361744
vdc_type,std,KMeans,{'n_clusters': 13},[2 2 8 ... 0 3 3],13,211.33526424225423,6.192113743859424
vdc_type,std,KMeans,{'n_clusters': 14},[12 12  4 ...  7 11 11],14,195.30072900334267,5.712221377633692
vdc_type,std,KMeans,{'n_clusters': 15},[12 12 10 ... 14  9  9],15,194.4962446387109,5.93421819359419
vdc_type,norm,DBSCAN,"{'eps': 0.25, 'min_samples': 8.0}",[-1 -1 -1 ... -1 -1 -1],1,,
vdc_type,norm,DBSCAN,"{'eps': 0.5, 'min_samples': 8.0}",[-1 -1 -1 ... -1 -1 -1],1,,
vdc_type,norm,DBSCAN,"{'eps': 1.0, 'min_samples': 8.0}",[ 0  0  0 ...  0 -1 -1],9,30.786194482835423,4.783579858625384
vdc_type,norm,DBSCAN,"{'eps': 2.0, 'min_samples': 8.0}",[0 0 0 ... 0 0 0],2,26.142021127808533,2.2260004335563295
vdc_type,norm,DBSCAN,"{'eps': 4.0, 'min_samples': 8.0}",[0 0 0 ... 0 0 0],1,,
vdc_type,norm,DBSCAN,"{'eps': 8.0, 'min_samples': 8.0}",[0 0 0 ... 0 0 0],1,,
vdc_type,norm,DBSCAN,"{'eps': 16.0, 'min_samples': 8.0}",[0 0 0 ... 0 0 0],1,,
vdc_type,norm,DBSCAN,"{'eps': 32.0, 'min_samples': 8.0}",[0 0 0 ... 0 0 0],1,,
vdc_type,norm,DBSCAN,"{'eps': 64.0, 'min_samples': 8.0}",[0 0 0 ... 0 0 0],1,,
vdc_type,norm,DBSCAN,"{'eps': 128.0, 'min_samples': 8.0}",[0 0 0 ... 0 0 0],1,,
vdc_type,norm,DBSCAN,"{'eps': 256.0, 'min_samples': 8.0}",[0 0 0 ... 0 0 0],1,,
vdc_type,norm,DBSCAN,"{'eps': 512.0, 'min_samples': 8.0}",[0 0 0 ... 0 0 0],1,,
vdc_type,norm,DBSCAN,"{'eps': 0.25, 'min_samples': 16.0}",[-1 -1 -1 ... -1 -1 -1],1,,
vdc_type,norm,DBSCAN,"{'eps': 0.5, 'min_samples': 16.0}",[-1 -1 -1 ... -1 -1 -1],1,,
vdc_type,norm,DBSCAN,"{'eps': 1.0, 'min_samples': 16.0}",[ 0  0  0 ...  0 -1 -1],5,52.414134160338584,7.274508904128702
vdc_type,norm,DBSCAN,"{'eps': 2.0, 'min_samples': 16.0}",[0 0 0 ... 0 0 0],2,33.10302992770996,2.11224736160855
vdc_type,norm,DBSCAN,"{'eps': 4.0, 'min_samples': 16.0}",[0 0 0 ... 0 0 0],1,,
vdc_type,norm,DBSCAN,"{'eps': 8.0, 'min_samples': 16.0}",[0 0 0 ... 0 0 0],1,,
vdc_type,norm,DBSCAN,"{'eps': 16.0, 'min_samples': 16.0}",[0 0 0 ... 0 0 0],1,,
vdc_type,norm,DBSCAN,"{'eps': 32.0, 'min_samples': 16.0}",[0 0 0 ... 0 0 0],1,,
vdc_type,norm,DBSCAN,"{'eps': 64.0, 'min_samples': 16.0}",[0 0 0 ... 0 0 0],1,,
vdc_type,norm,DBSCAN,"{'eps': 128.0, 'min_samples': 16.0}",[0 0 0 ... 0 0 0],1,,
vdc_type,norm,DBSCAN,"{'eps': 256.0, 'min_samples': 16.0}",[0 0 0 ... 0 0 0],1,,
vdc_type,norm,DBSCAN,"{'eps': 512.0, 'min_samples': 16.0}",[0 0 0 ... 0 0 0],1,,
vdc_type,norm,DBSCAN,"{'eps': 0.25, 'min_samples': 32.0}",[-1 -1 -1 ... -1 -1 -1],1,,
vdc_type,norm,DBSCAN,"{'eps': 0.5, 'min_samples': 32.0}",[-1 -1 -1 ... -1 -1 -1],1,,
vdc_type,norm,DBSCAN,"{'eps': 1.0, 'min_samples': 32.0}",[ 0  0 -1 ...  0 -1 -1],3,99.195071181847,10.746866759461149
vdc_type,norm,DBSCAN,"{'eps': 2.0, 'min_samples': 32.0}",[0 0 0 ... 0 0 0],2,36.14676088276427,2.162483694353395
vdc_type,norm,DBSCAN,"{'eps': 4.0, 'min_samples': 32.0}",[0 0 0 ... 0 0 0],1,,
vdc_type,norm,DBSCAN,"{'eps': 8.0, 'min_samples': 32.0}",[0 0 0 ... 0 0 0],1,,
vdc_type,norm,DBSCAN,"{'eps': 16.0, 'min_samples': 32.0}",[0 0 0 ... 0 0 0],1,,
vdc_type,norm,DBSCAN,"{'eps': 32.0, 'min_samples': 32.0}",[0 0 0 ... 0 0 0],1,,
vdc_type,norm,DBSCAN,"{'eps': 64.0, 'min_samples': 32.0}",[0 0 0 ... 0 0 0],1,,
vdc_type,norm,DBSCAN,"{'eps': 128.0, 'min_samples': 32.0}",[0 0 0 ... 0 0 0],1,,
vdc_type,norm,DBSCAN,"{'eps': 256.0, 'min_samples': 32.0}",[0 0 0 ... 0 0 0],1,,
vdc_type,norm,DBSCAN,"{'eps': 512.0, 'min_samples': 32.0}",[0 0 0 ... 0 0 0],1,,
vdc_type,norm,DBSCAN,"{'eps': 0.25, 'min_samples': 64.0}",[-1 -1 -1 ... -1 -1 -1],1,,
vdc_type,norm,DBSCAN,"{'eps': 0.5, 'min_samples': 64.0}",[-1 -1 -1 ... -1 -1 -1],1,,
vdc_type,norm,DBSCAN,"{'eps': 1.0, 'min_samples': 64.0}",[ 0  0 -1 ...  0 -1 -1],2,178.88339785225628,15.078952085680966
vdc_type,norm,DBSCAN,"{'eps': 2.0, 'min_samples': 64.0}",[0 0 0 ... 0 0 0],2,54.164609485046505,1.99717695291755
vdc_type,norm,DBSCAN,"{'eps': 4.0, 'min_samples': 64.0}",[0 0 0 ... 0 0 0],1,,
vdc_type,norm,DBSCAN,"{'eps': 8.0, 'min_samples': 64.0}",[0 0 0 ... 0 0 0],1,,
vdc_type,norm,DBSCAN,"{'eps': 16.0, 'min_samples': 64.0}",[0 0 0 ... 0 0 0],1,,
vdc_type,norm,DBSCAN,"{'eps': 32.0, 'min_samples': 64.0}",[0 0 0 ... 0 0 0],1,,
vdc_type,norm,DBSCAN,"{'eps': 64.0, 'min_samples': 64.0}",[0 0 0 ... 0 0 0],1,,
vdc_type,norm,DBSCAN,"{'eps': 128.0, 'min_samples': 64.0}",[0 0 0 ... 0 0 0],1,,
vdc_type,norm,DBSCAN,"{'eps': 256.0, 'min_samples': 64.0}",[0 0 0 ... 0 0 0],1,,
vdc_type,norm,DBSCAN,"{'eps': 512.0, 'min_samples': 64.0}",[0 0 0 ... 0 0 0],1,,
vdc_type,norm,DBSCAN,"{'eps': 0.25, 'min_samples': 128.0}",[-1 -1 -1 ... -1 -1 -1],1,,
vdc_type,norm,DBSCAN,"{'eps': 0.5, 'min_samples': 128.0}",[-1 -1 -1 ... -1 -1 -1],1,,
vdc_type,norm,DBSCAN,"{'eps': 1.0, 'min_samples': 128.0}",[ 0  0 -1 ...  0 -1 -1],2,181.415733775335,14.963860641757188
vdc_type,norm,DBSCAN,"{'eps': 2.0, 'min_samples': 128.0}",[0 0 0 ... 0 0 0],2,57.24116628372528,1.9750670277985274
vdc_type,norm,DBSCAN,"{'eps': 4.0, 'min_samples': 128.0}",[0 0 0 ... 0 0 0],1,,
vdc_type,norm,DBSCAN,"{'eps': 8.0, 'min_samples': 128.0}",[0 0 0 ... 0 0 0],1,,
vdc_type,norm,DBSCAN,"{'eps': 16.0, 'min_samples': 128.0}",[0 0 0 ... 0 0 0],1,,
vdc_type,norm,DBSCAN,"{'eps': 32.0, 'min_samples': 128.0}",[0 0 0 ... 0 0 0],1,,
vdc_type,norm,DBSCAN,"{'eps': 64.0, 'min_samples': 128.0}",[0 0 0 ... 0 0 0],1,,
vdc_type,norm,DBSCAN,"{'eps': 128.0, 'min_samples': 128.0}",[0 0 0 ... 0 0 0],1,,
vdc_type,norm,DBSCAN,"{'eps': 256.0, 'min_samples': 128.0}",[0 0 0 ... 0 0 0],1,,
vdc_type,norm,DBSCAN,"{'eps': 512.0, 'min_samples': 128.0}",[0 0 0 ... 0 0 0],1,,
vdc_type,norm,DBSCAN,"{'eps': 0.25, 'min_samples': 256.0}",[-1 -1 -1 ... -1 -1 -1],1,,
vdc_type,norm,DBSCAN,"{'eps': 0.5, 'min_samples': 256.0}",[-1 -1 -1 ... -1 -1 -1],1,,
vdc_type,norm,DBSCAN,"{'eps': 1.0, 'min_samples': 256.0}",[ 0  0 -1 ... -1 -1 -1],2,182.63169619914945,14.678002789674656
vdc_type,norm,DBSCAN,"{'eps': 2.0, 'min_samples': 256.0}",[0 0 0 ... 0 0 0],2,56.61927761278233,2.084929418563906
vdc_type,norm,DBSCAN,"{'eps': 4.0, 'min_samples': 256.0}",[0 0 0 ... 0 0 0],1,,
vdc_type,norm,DBSCAN,"{'eps': 8.0, 'min_samples': 256.0}",[0 0 0 ... 0 0 0],1,,
vdc_type,norm,DBSCAN,"{'eps': 16.0, 'min_samples': 256.0}",[0 0 0 ... 0 0 0],1,,
vdc_type,norm,DBSCAN,"{'eps': 32.0, 'min_samples': 256.0}",[0 0 0 ... 0 0 0],1,,
vdc_type,norm,DBSCAN,"{'eps': 64.0, 'min_samples': 256.0}",[0 0 0 ... 0 0 0],1,,
vdc_type,norm,DBSCAN,"{'eps': 128.0, 'min_samples': 256.0}",[0 0 0 ... 0 0 0],1,,
vdc_type,norm,DBSCAN,"{'eps': 256.0, 'min_samples': 256.0}",[0 0 0 ... 0 0 0],1,,
vdc_type,norm,DBSCAN,"{'eps': 512.0, 'min_samples': 256.0}",[0 0 0 ... 0 0 0],1,,
vdc_type,norm,DBSCAN,"{'eps': 0.25, 'min_samples': 512.0}",[-1 -1 -1 ... -1 -1 -1],1,,
vdc_type,norm,DBSCAN,"{'eps': 0.5, 'min_samples': 512.0}",[-1 -1 -1 ... -1 -1 -1],1,,
vdc_type,norm,DBSCAN,"{'eps': 1.0, 'min_samples': 512.0}",[ 0  0 -1 ... -1 -1 -1],2,171.46188389440974,14.580522119907684
vdc_type,norm,DBSCAN,"{'eps': 2.0, 'min_samples': 512.0}",[0 0 0 ... 0 0 0],2,56.61927761278233,2.084929418563906
vdc_type,norm,DBSCAN,"{'eps': 4.0, 'min_samples': 512.0}",[0 0 0 ... 0 0 0],1,,
vdc_type,norm,DBSCAN,"{'eps': 8.0, 'min_samples': 512.0}",[0 0 0 ... 0 0 0],1,,
vdc_type,norm,DBSCAN,"{'eps': 16.0, 'min_samples': 512.0}",[0 0 0 ... 0 0 0],1,,
vdc_type,norm,DBSCAN,"{'eps': 32.0, 'min_samples': 512.0}",[0 0 0 ... 0 0 0],1,,
vdc_type,norm,DBSCAN,"{'eps': 64.0, 'min_samples': 512.0}",[0 0 0 ... 0 0 0],1,,
vdc_type,norm,DBSCAN,"{'eps': 128.0, 'min_samples': 512.0}",[0 0 0 ... 0 0 0],1,,
vdc_type,norm,DBSCAN,"{'eps': 256.0, 'min_samples': 512.0}",[0 0 0 ... 0 0 0],1,,
vdc_type,norm,DBSCAN,"{'eps': 512.0, 'min_samples': 512.0}",[0 0 0 ... 0 0 0],1,,
vdc_type,std,DBSCAN,"{'eps': 0.25, 'min_samples': 8.0}",[-1 -1 -1 ... -1 -1 -1],1,,
vdc_type,std,DBSCAN,"{'eps': 0.5, 'min_samples': 8.0}",[-1 -1 -1 ... -1 -1 -1],1,,
vdc_type,std,DBSCAN,"{'eps': 1.0, 'min_samples': 8.0}",[-1 -1 -1 ... -1 -1 -1],1,,
vdc_type,std,DBSCAN,"{'eps': 2.0, 'min_samples': 8.0}",[-1 -1 -1 ... -1 -1 -1],1,,
vdc_type,std,DBSCAN,"{'eps': 4.0, 'min_samples': 8.0}",[-1 -1 -1 ... -1 -1 -1],1,,
vdc_type,std,DBSCAN,"{'eps': 8.0, 'min_samples': 8.0}",[-1 -1 -1 ... -1 -1 -1],23,8.082291059435244,2.5389886414955654
vdc_type,std,DBSCAN,"{'eps': 16.0, 'min_samples': 8.0}",[0 0 0 ... 0 0 0],2,106.89150493793002,6.234494407264383
vdc_type,std,DBSCAN,"{'eps': 32.0, 'min_samples': 8.0}",[0 0 0 ... 0 0 0],2,12.256092424335634,1.1374028393989952
vdc_type,std,DBSCAN,"{'eps': 64.0, 'min_samples': 8.0}",[0 0 0 ... 0 0 0],1,,
vdc_type,std,DBSCAN,"{'eps': 128.0, 'min_samples': 8.0}",[0 0 0 ... 0 0 0],1,,
vdc_type,std,DBSCAN,"{'eps': 256.0, 'min_samples': 8.0}",[0 0 0 ... 0 0 0],1,,
vdc_type,std,DBSCAN,"{'eps': 512.0, 'min_samples': 8.0}",[0 0 0 ... 0 0 0],1,,
vdc_type,std,DBSCAN,"{'eps': 0.25, 'min_samples': 16.0}",[-1 -1 -1 ... -1 -1 -1],1,,
vdc_type,std,DBSCAN,"{'eps': 0.5, 'min_samples': 16.0}",[-1 -1 -1 ... -1 -1 -1],1,,
vdc_type,std,DBSCAN,"{'eps': 1.0, 'min_samples': 16.0}",[-1 -1 -1 ... -1 -1 -1],1,,
vdc_type,std,DBSCAN,"{'eps': 2.0, 'min_samples': 16.0}",[-1 -1 -1 ... -1 -1 -1],1,,
vdc_type,std,DBSCAN,"{'eps': 4.0, 'min_samples': 16.0}",[-1 -1 -1 ... -1 -1 -1],1,,
vdc_type,std,DBSCAN,"{'eps': 8.0, 'min_samples': 16.0}",[-1 -1 -1 ... -1 -1 -1],5,7.474315181345011,2.9493881353628337
vdc_type,std,DBSCAN,"{'eps': 16.0, 'min_samples': 16.0}",[0 0 0 ... 0 0 0],2,118.45353377118714,6.321613874422079
vdc_type,std,DBSCAN,"{'eps': 32.0, 'min_samples': 16.0}",[0 0 0 ... 0 0 0],2,12.256092424335634,1.1374028393989952
vdc_type,std,DBSCAN,"{'eps': 64.0, 'min_samples': 16.0}",[0 0 0 ... 0 0 0],1,,
vdc_type,std,DBSCAN,"{'eps': 128.0, 'min_samples': 16.0}",[0 0 0 ... 0 0 0],1,,
vdc_type,std,DBSCAN,"{'eps': 256.0, 'min_samples': 16.0}",[0 0 0 ... 0 0 0],1,,
vdc_type,std,DBSCAN,"{'eps': 512.0, 'min_samples': 16.0}",[0 0 0 ... 0 0 0],1,,
vdc_type,std,DBSCAN,"{'eps': 0.25, 'min_samples': 32.0}",[-1 -1 -1 ... -1 -1 -1],1,,
vdc_type,std,DBSCAN,"{'eps': 0.5, 'min_samples': 32.0}",[-1 -1 -1 ... -1 -1 -1],1,,
vdc_type,std,DBSCAN,"{'eps': 1.0, 'min_samples': 32.0}",[-1 -1 -1 ... -1 -1 -1],1,,
vdc_type,std,DBSCAN,"{'eps': 2.0, 'min_samples': 32.0}",[-1 -1 -1 ... -1 -1 -1],1,,
vdc_type,std,DBSCAN,"{'eps': 4.0, 'min_samples': 32.0}",[-1 -1 -1 ... -1 -1 -1],1,,
vdc_type,std,DBSCAN,"{'eps': 8.0, 'min_samples': 32.0}",[-1 -1 -1 ... -1 -1 -1],1,,
vdc_type,std,DBSCAN,"{'eps': 16.0, 'min_samples': 32.0}",[0 0 0 ... 0 0 0],2,130.87900572131122,6.384528517666837
vdc_type,std,DBSCAN,"{'eps': 32.0, 'min_samples': 32.0}",[0 0 0 ... 0 0 0],2,12.256092424335634,1.1374028393989952
vdc_type,std,DBSCAN,"{'eps': 64.0, 'min_samples': 32.0}",[0 0 0 ... 0 0 0],1,,
vdc_type,std,DBSCAN,"{'eps': 128.0, 'min_samples': 32.0}",[0 0 0 ... 0 0 0],1,,
vdc_type,std,DBSCAN,"{'eps': 256.0, 'min_samples': 32.0}",[0 0 0 ... 0 0 0],1,,
vdc_type,std,DBSCAN,"{'eps': 512.0, 'min_samples': 32.0}",[0 0 0 ... 0 0 0],1,,
vdc_type,std,DBSCAN,"{'eps': 0.25, 'min_samples': 64.0}",[-1 -1 -1 ... -1 -1 -1],1,,
vdc_type,std,DBSCAN,"{'eps': 0.5, 'min_samples': 64.0}",[-1 -1 -1 ... -1 -1 -1],1,,
vdc_type,std,DBSCAN,"{'eps': 1.0, 'min_samples': 64.0}",[-1 -1 -1 ... -1 -1 -1],1,,
vdc_type,std,DBSCAN,"{'eps': 2.0, 'min_samples': 64.0}",[-1 -1 -1 ... -1 -1 -1],1,,
vdc_type,std,DBSCAN,"{'eps': 4.0, 'min_samples': 64.0}",[-1 -1 -1 ... -1 -1 -1],1,,
vdc_type,std,DBSCAN,"{'eps': 8.0, 'min_samples': 64.0}",[-1 -1 -1 ... -1 -1 -1],1,,
vdc_type,std,DBSCAN,"{'eps': 16.0, 'min_samples': 64.0}",[0 0 0 ... 0 0 0],2,135.2177542606873,6.558345822070809
vdc_type,std,DBSCAN,"{'eps': 32.0, 'min_samples': 64.0}",[0 0 0 ... 0 0 0],2,12.256092424335634,1.1374028393989952
vdc_type,std,DBSCAN,"{'eps': 64.0, 'min_samples': 64.0}",[0 0 0 ... 0 0 0],1,,
vdc_type,std,DBSCAN,"{'eps': 128.0, 'min_samples': 64.0}",[0 0 0 ... 0 0 0],1,,
vdc_type,std,DBSCAN,"{'eps': 256.0, 'min_samples': 64.0}",[0 0 0 ... 0 0 0],1,,
vdc_type,std,DBSCAN,"{'eps': 512.0, 'min_samples': 64.0}",[0 0 0 ... 0 0 0],1,,
vdc_type,std,DBSCAN,"{'eps': 0.25, 'min_samples': 128.0}",[-1 -1 -1 ... -1 -1 -1],1,,
vdc_type,std,DBSCAN,"{'eps': 0.5, 'min_samples': 128.0}",[-1 -1 -1 ... -1 -1 -1],1,,
vdc_type,std,DBSCAN,"{'eps': 1.0, 'min_samples': 128.0}",[-1 -1 -1 ... -1 -1 -1],1,,
vdc_type,std,DBSCAN,"{'eps': 2.0, 'min_samples': 128.0}",[-1 -1 -1 ... -1 -1 -1],1,,
vdc_type,std,DBSCAN,"{'eps': 4.0, 'min_samples': 128.0}",[-1 -1 -1 ... -1 -1 -1],1,,
vdc_type,std,DBSCAN,"{'eps': 8.0, 'min_samples': 128.0}",[-1 -1 -1 ... -1 -1 -1],1,,
vdc_type,std,DBSCAN,"{'eps': 16.0, 'min_samples': 128.0}",[0 0 0 ... 0 0 0],2,138.18075155351127,6.671827599405114
vdc_type,std,DBSCAN,"{'eps': 32.0, 'min_samples': 128.0}",[0 0 0 ... 0 0 0],2,12.256092424335634,1.1374028393989952
vdc_type,std,DBSCAN,"{'eps': 64.0, 'min_samples': 128.0}",[0 0 0 ... 0 0 0],1,,
vdc_type,std,DBSCAN,"{'eps': 128.0, 'min_samples': 128.0}",[0 0 0 ... 0 0 0],1,,
vdc_type,std,DBSCAN,"{'eps': 256.0, 'min_samples': 128.0}",[0 0 0 ... 0 0 0],1,,
vdc_type,std,DBSCAN,"{'eps': 512.0, 'min_samples': 128.0}",[0 0 0 ... 0 0 0],1,,
vdc_type,std,DBSCAN,"{'eps': 0.25, 'min_samples': 256.0}",[-1 -1 -1 ... -1 -1 -1],1,,
vdc_type,std,DBSCAN,"{'eps': 0.5, 'min_samples': 256.0}",[-1 -1 -1 ... -1 -1 -1],1,,
vdc_type,std,DBSCAN,"{'eps': 1.0, 'min_samples': 256.0}",[-1 -1 -1 ... -1 -1 -1],1,,
vdc_type,std,DBSCAN,"{'eps': 2.0, 'min_samples': 256.0}",[-1 -1 -1 ... -1 -1 -1],1,,
vdc_type,std,DBSCAN,"{'eps': 4.0, 'min_samples': 256.0}",[-1 -1 -1 ... -1 -1 -1],1,,
vdc_type,std,DBSCAN,"{'eps': 8.0, 'min_samples': 256.0}",[-1 -1 -1 ... -1 -1 -1],1,,
vdc_type,std,DBSCAN,"{'eps': 16.0, 'min_samples': 256.0}",[0 0 0 ... 0 0 0],2,138.23296104677272,6.789219285954442
vdc_type,std,DBSCAN,"{'eps': 32.0, 'min_samples': 256.0}",[0 0 0 ... 0 0 0],2,12.256092424335634,1.1374028393989952
vdc_type,std,DBSCAN,"{'eps': 64.0, 'min_samples': 256.0}",[0 0 0 ... 0 0 0],1,,
vdc_type,std,DBSCAN,"{'eps': 128.0, 'min_samples': 256.0}",[0 0 0 ... 0 0 0],1,,
vdc_type,std,DBSCAN,"{'eps': 256.0, 'min_samples': 256.0}",[0 0 0 ... 0 0 0],1,,
vdc_type,std,DBSCAN,"{'eps': 512.0, 'min_samples': 256.0}",[0 0 0 ... 0 0 0],1,,
vdc_type,std,DBSCAN,"{'eps': 0.25, 'min_samples': 512.0}",[-1 -1 -1 ... -1 -1 -1],1,,
vdc_type,std,DBSCAN,"{'eps': 0.5, 'min_samples': 512.0}",[-1 -1 -1 ... -1 -1 -1],1,,
vdc_type,std,DBSCAN,"{'eps': 1.0, 'min_samples': 512.0}",[-1 -1 -1 ... -1 -1 -1],1,,
vdc_type,std,DBSCAN,"{'eps': 2.0, 'min_samples': 512.0}",[-1 -1 -1 ... -1 -1 -1],1,,
vdc_type,std,DBSCAN,"{'eps': 4.0, 'min_samples': 512.0}",[-1 -1 -1 ... -1 -1 -1],1,,
vdc_type,std,DBSCAN,"{'eps': 8.0, 'min_samples': 512.0}",[-1 -1 -1 ... -1 -1 -1],1,,
vdc_type,std,DBSCAN,"{'eps': 16.0, 'min_samples': 512.0}",[0 0 0 ... 0 0 0],2,138.8765111999809,6.917396504483535
vdc_type,std,DBSCAN,"{'eps': 32.0, 'min_samples': 512.0}",[0 0 0 ... 0 0 0],2,12.256092424335634,1.1374028393989952
vdc_type,std,DBSCAN,"{'eps': 64.0, 'min_samples': 512.0}",[0 0 0 ... 0 0 0],1,,
vdc_type,std,DBSCAN,"{'eps': 128.0, 'min_samples': 512.0}",[0 0 0 ... 0 0 0],1,,
vdc_type,std,DBSCAN,"{'eps': 256.0, 'min_samples': 512.0}",[0 0 0 ... 0 0 0],1,,
vdc_type,std,DBSCAN,"{'eps': 512.0, 'min_samples': 512.0}",[0 0 0 ... 0 0 0],1,,
vdc_type,norm,HDBSCAN,{'min_cluster_size': 8},[ 3  3  3 ...  3 -1 -1],6,44.34171336373746,6.331630228925037
vdc_type,norm,HDBSCAN,{'min_cluster_size': 16},[ 1 -1 -1 ... -1 -1 -1],4,40.21554346710629,7.689986748664467
vdc_type,norm,HDBSCAN,{'min_cluster_size': 32},[ 2  2  2 ...  2 -1 -1],5,57.19083682497356,8.486809477539575
vdc_type,norm,HDBSCAN,{'min_cluster_size': 64},[-1 -1 -1 ... -1 -1 -1],1,,
vdc_type,norm,HDBSCAN,{'min_cluster_size': 128},[-1 -1 -1 ... -1 -1 -1],1,,
vdc_type,norm,HDBSCAN,{'min_cluster_size': 256},[-1 -1 -1 ... -1 -1 -1],1,,
vdc_type,norm,HDBSCAN,{'min_cluster_size': 512},[-1 -1 -1 ... -1 -1 -1],1,,
vdc_type,std,HDBSCAN,{'min_cluster_size': 8},[ 4  4  4 ...  4 -1 -1],7,36.00819237374591,5.878211219864939
vdc_type,std,HDBSCAN,{'min_cluster_size': 16},[ 1 -1 -1 ... -1 -1 -1],4,38.664474873979636,7.853253724382248
vdc_type,std,HDBSCAN,{'min_cluster_size': 32},[ 0  0  0 ...  0 -1 -1],3,76.25706435163396,11.438804892712787
vdc_type,std,HDBSCAN,{'min_cluster_size': 64},[-1 -1 -1 ... -1 -1 -1],1,,
vdc_type,std,HDBSCAN,{'min_cluster_size': 128},[-1 -1 -1 ... -1 -1 -1],1,,
vdc_type,std,HDBSCAN,{'min_cluster_size': 256},[-1 -1 -1 ... -1 -1 -1],1,,
vdc_type,std,HDBSCAN,{'min_cluster_size': 512},[-1 -1 -1 ... -1 -1 -1],1,,
