descriptor,cluster_class,scaler,n_clusters,cluster_class_params,calinski_harabasz_score,davies_bouldin_score
efficientnet-b7,DBSCAN,norm,1,"{'eps': 1, 'min_samples': 8}",,
efficientnet-b7,DBSCAN,norm,2,"{'eps': 2, 'min_samples': 8}",74.64579187666742,20.025296856317944
efficientnet-b7,DBSCAN,norm,1,"{'eps': 8, 'min_samples': 8}",,
efficientnet-b7,DBSCAN,norm,1,"{'eps': 12, 'min_samples': 8}",,
efficientnet-b7,DBSCAN,norm,1,"{'eps': 16, 'min_samples': 8}",,
efficientnet-b7,DBSCAN,norm,1,"{'eps': 20, 'min_samples': 8}",,
efficientnet-b7,DBSCAN,norm,1,"{'eps': 24, 'min_samples': 8}",,
efficientnet-b7,DBSCAN,norm,1,"{'eps': 32, 'min_samples': 8}",,
efficientnet-b7,DBSCAN,norm,1,"{'eps': 48, 'min_samples': 8}",,
efficientnet-b7,DBSCAN,norm,1,"{'eps': 1, 'min_samples': 16}",,
efficientnet-b7,DBSCAN,norm,2,"{'eps': 2, 'min_samples': 16}",74.63042929584411,20.0289289425487
efficientnet-b7,DBSCAN,norm,1,"{'eps': 8, 'min_samples': 16}",,
efficientnet-b7,DBSCAN,norm,1,"{'eps': 12, 'min_samples': 16}",,
efficientnet-b7,DBSCAN,norm,1,"{'eps': 16, 'min_samples': 16}",,
efficientnet-b7,DBSCAN,norm,1,"{'eps': 20, 'min_samples': 16}",,
efficientnet-b7,DBSCAN,norm,1,"{'eps': 24, 'min_samples': 16}",,
efficientnet-b7,DBSCAN,norm,1,"{'eps': 32, 'min_samples': 16}",,
efficientnet-b7,DBSCAN,norm,1,"{'eps': 48, 'min_samples': 16}",,
efficientnet-b7,DBSCAN,norm,1,"{'eps': 1, 'min_samples': 32}",,
efficientnet-b7,DBSCAN,norm,2,"{'eps': 2, 'min_samples': 32}",74.61773763189875,20.032258276401006
efficientnet-b7,DBSCAN,norm,1,"{'eps': 8, 'min_samples': 32}",,
efficientnet-b7,DBSCAN,norm,1,"{'eps': 12, 'min_samples': 32}",,
efficientnet-b7,DBSCAN,norm,1,"{'eps': 16, 'min_samples': 32}",,
efficientnet-b7,DBSCAN,norm,1,"{'eps': 20, 'min_samples': 32}",,
efficientnet-b7,DBSCAN,norm,1,"{'eps': 24, 'min_samples': 32}",,
efficientnet-b7,DBSCAN,norm,1,"{'eps': 32, 'min_samples': 32}",,
efficientnet-b7,DBSCAN,norm,1,"{'eps': 48, 'min_samples': 32}",,
efficientnet-b7,DBSCAN,norm,1,"{'eps': 1, 'min_samples': 64}",,
efficientnet-b7,DBSCAN,norm,2,"{'eps': 2, 'min_samples': 64}",74.63267392384273,20.034367832517265
efficientnet-b7,DBSCAN,norm,1,"{'eps': 8, 'min_samples': 64}",,
efficientnet-b7,DBSCAN,norm,1,"{'eps': 12, 'min_samples': 64}",,
efficientnet-b7,DBSCAN,norm,1,"{'eps': 16, 'min_samples': 64}",,
efficientnet-b7,DBSCAN,norm,1,"{'eps': 20, 'min_samples': 64}",,
efficientnet-b7,DBSCAN,norm,1,"{'eps': 24, 'min_samples': 64}",,
efficientnet-b7,DBSCAN,norm,1,"{'eps': 32, 'min_samples': 64}",,
efficientnet-b7,DBSCAN,norm,1,"{'eps': 48, 'min_samples': 64}",,
efficientnet-b7,DBSCAN,norm,1,"{'eps': 1, 'min_samples': 128}",,
efficientnet-b7,DBSCAN,norm,2,"{'eps': 2, 'min_samples': 128}",74.62673678709155,20.038401682967134
efficientnet-b7,DBSCAN,norm,1,"{'eps': 8, 'min_samples': 128}",,
efficientnet-b7,DBSCAN,norm,1,"{'eps': 12, 'min_samples': 128}",,
efficientnet-b7,DBSCAN,norm,1,"{'eps': 16, 'min_samples': 128}",,
efficientnet-b7,DBSCAN,norm,1,"{'eps': 20, 'min_samples': 128}",,
efficientnet-b7,DBSCAN,norm,1,"{'eps': 24, 'min_samples': 128}",,
efficientnet-b7,DBSCAN,norm,1,"{'eps': 32, 'min_samples': 128}",,
efficientnet-b7,DBSCAN,norm,1,"{'eps': 48, 'min_samples': 128}",,
efficientnet-b7,DBSCAN,norm,1,"{'eps': 1, 'min_samples': 256}",,
efficientnet-b7,DBSCAN,norm,2,"{'eps': 2, 'min_samples': 256}",74.64330929049716,20.0450974909006
efficientnet-b7,DBSCAN,norm,1,"{'eps': 8, 'min_samples': 256}",,
efficientnet-b7,DBSCAN,norm,1,"{'eps': 12, 'min_samples': 256}",,
efficientnet-b7,DBSCAN,norm,1,"{'eps': 16, 'min_samples': 256}",,
efficientnet-b7,DBSCAN,norm,1,"{'eps': 20, 'min_samples': 256}",,
efficientnet-b7,DBSCAN,norm,1,"{'eps': 24, 'min_samples': 256}",,
efficientnet-b7,DBSCAN,norm,1,"{'eps': 32, 'min_samples': 256}",,
efficientnet-b7,DBSCAN,norm,1,"{'eps': 48, 'min_samples': 256}",,
efficientnet-b7,DBSCAN,standard,1,"{'eps': 1, 'min_samples': 8}",,
efficientnet-b7,DBSCAN,standard,1,"{'eps': 2, 'min_samples': 8}",,
efficientnet-b7,DBSCAN,standard,1,"{'eps': 8, 'min_samples': 8}",,
efficientnet-b7,DBSCAN,standard,4,"{'eps': 12, 'min_samples': 8}",0.9576641880761099,5.957793009436931
efficientnet-b7,DBSCAN,standard,2,"{'eps': 16, 'min_samples': 8}",62.823505740308136,22.782446079346332
efficientnet-b7,DBSCAN,standard,2,"{'eps': 20, 'min_samples': 8}",45.08206355687976,15.665968948626148
efficientnet-b7,DBSCAN,standard,2,"{'eps': 24, 'min_samples': 8}",5.587653677805393,5.7358615144205665
efficientnet-b7,DBSCAN,standard,1,"{'eps': 32, 'min_samples': 8}",,
efficientnet-b7,DBSCAN,standard,1,"{'eps': 48, 'min_samples': 8}",,
efficientnet-b7,DBSCAN,standard,1,"{'eps': 1, 'min_samples': 16}",,
efficientnet-b7,DBSCAN,standard,1,"{'eps': 2, 'min_samples': 16}",,
efficientnet-b7,DBSCAN,standard,1,"{'eps': 8, 'min_samples': 16}",,
efficientnet-b7,DBSCAN,standard,2,"{'eps': 12, 'min_samples': 16}",0.8396889063108637,6.76408322762305
efficientnet-b7,DBSCAN,standard,2,"{'eps': 16, 'min_samples': 16}",62.83035027680914,22.77374701111998
efficientnet-b7,DBSCAN,standard,2,"{'eps': 20, 'min_samples': 16}",45.08206355687976,15.665968948626148
efficientnet-b7,DBSCAN,standard,2,"{'eps': 24, 'min_samples': 16}",5.587653677805393,5.7358615144205665
efficientnet-b7,DBSCAN,standard,1,"{'eps': 32, 'min_samples': 16}",,
efficientnet-b7,DBSCAN,standard,1,"{'eps': 48, 'min_samples': 16}",,
efficientnet-b7,DBSCAN,standard,1,"{'eps': 1, 'min_samples': 32}",,
efficientnet-b7,DBSCAN,standard,1,"{'eps': 2, 'min_samples': 32}",,
efficientnet-b7,DBSCAN,standard,1,"{'eps': 8, 'min_samples': 32}",,
efficientnet-b7,DBSCAN,standard,1,"{'eps': 12, 'min_samples': 32}",,
efficientnet-b7,DBSCAN,standard,2,"{'eps': 16, 'min_samples': 32}",62.78322006040698,22.769322582150437
efficientnet-b7,DBSCAN,standard,2,"{'eps': 20, 'min_samples': 32}",45.07196387505619,15.671193689219445
efficientnet-b7,DBSCAN,standard,2,"{'eps': 24, 'min_samples': 32}",5.587653677805393,5.7358615144205665
efficientnet-b7,DBSCAN,standard,1,"{'eps': 32, 'min_samples': 32}",,
efficientnet-b7,DBSCAN,standard,1,"{'eps': 48, 'min_samples': 32}",,
efficientnet-b7,DBSCAN,standard,1,"{'eps': 1, 'min_samples': 64}",,
efficientnet-b7,DBSCAN,standard,1,"{'eps': 2, 'min_samples': 64}",,
efficientnet-b7,DBSCAN,standard,1,"{'eps': 8, 'min_samples': 64}",,
efficientnet-b7,DBSCAN,standard,1,"{'eps': 12, 'min_samples': 64}",,
efficientnet-b7,DBSCAN,standard,2,"{'eps': 16, 'min_samples': 64}",62.77399463556362,22.75212389957434
efficientnet-b7,DBSCAN,standard,2,"{'eps': 20, 'min_samples': 64}",45.06427112896689,15.675548273984859
efficientnet-b7,DBSCAN,standard,2,"{'eps': 24, 'min_samples': 64}",5.587653677805393,5.7358615144205665
efficientnet-b7,DBSCAN,standard,1,"{'eps': 32, 'min_samples': 64}",,
efficientnet-b7,DBSCAN,standard,1,"{'eps': 48, 'min_samples': 64}",,
efficientnet-b7,DBSCAN,standard,1,"{'eps': 1, 'min_samples': 128}",,
efficientnet-b7,DBSCAN,standard,1,"{'eps': 2, 'min_samples': 128}",,
efficientnet-b7,DBSCAN,standard,1,"{'eps': 8, 'min_samples': 128}",,
efficientnet-b7,DBSCAN,standard,1,"{'eps': 12, 'min_samples': 128}",,
efficientnet-b7,DBSCAN,standard,2,"{'eps': 16, 'min_samples': 128}",62.724769722557355,22.73483020948962
efficientnet-b7,DBSCAN,standard,2,"{'eps': 20, 'min_samples': 128}",45.048038955525925,15.681422805220901
efficientnet-b7,DBSCAN,standard,2,"{'eps': 24, 'min_samples': 128}",5.587653677805393,5.7358615144205665
efficientnet-b7,DBSCAN,standard,1,"{'eps': 32, 'min_samples': 128}",,
efficientnet-b7,DBSCAN,standard,1,"{'eps': 48, 'min_samples': 128}",,
efficientnet-b7,DBSCAN,standard,1,"{'eps': 1, 'min_samples': 256}",,
efficientnet-b7,DBSCAN,standard,1,"{'eps': 2, 'min_samples': 256}",,
efficientnet-b7,DBSCAN,standard,1,"{'eps': 8, 'min_samples': 256}",,
efficientnet-b7,DBSCAN,standard,1,"{'eps': 12, 'min_samples': 256}",,
efficientnet-b7,DBSCAN,standard,2,"{'eps': 16, 'min_samples': 256}",62.60210432944725,22.71972924005063
efficientnet-b7,DBSCAN,standard,2,"{'eps': 20, 'min_samples': 256}",45.048038955525925,15.681422805220901
efficientnet-b7,DBSCAN,standard,2,"{'eps': 24, 'min_samples': 256}",5.587653677805393,5.7358615144205665
efficientnet-b7,DBSCAN,standard,1,"{'eps': 32, 'min_samples': 256}",,
efficientnet-b7,DBSCAN,standard,1,"{'eps': 48, 'min_samples': 256}",,
efficientnet-b7,HDBSCAN,norm,1,{'min_cluster_size': 4},,
efficientnet-b7,HDBSCAN,norm,1,{'min_cluster_size': 8},,
efficientnet-b7,HDBSCAN,norm,1,{'min_cluster_size': 12},,
efficientnet-b7,HDBSCAN,norm,1,{'min_cluster_size': 16},,
efficientnet-b7,HDBSCAN,norm,1,{'min_cluster_size': 24},,
efficientnet-b7,HDBSCAN,norm,1,{'min_cluster_size': 32},,
efficientnet-b7,HDBSCAN,norm,1,{'min_cluster_size': 48},,
efficientnet-b7,HDBSCAN,standard,1,{'min_cluster_size': 4},,
efficientnet-b7,HDBSCAN,standard,1,{'min_cluster_size': 8},,
efficientnet-b7,HDBSCAN,standard,1,{'min_cluster_size': 12},,
efficientnet-b7,HDBSCAN,standard,1,{'min_cluster_size': 16},,
efficientnet-b7,HDBSCAN,standard,1,{'min_cluster_size': 24},,
efficientnet-b7,HDBSCAN,standard,1,{'min_cluster_size': 32},,
efficientnet-b7,HDBSCAN,standard,1,{'min_cluster_size': 48},,
osnet,DBSCAN,norm,39,"{'eps': 1, 'min_samples': 8}",39.18989263345956,2.2154869927438825
osnet,DBSCAN,norm,2,"{'eps': 2, 'min_samples': 8}",7.840547823614988,2.1205189268689746
osnet,DBSCAN,norm,1,"{'eps': 8, 'min_samples': 8}",,
osnet,DBSCAN,norm,1,"{'eps': 12, 'min_samples': 8}",,
osnet,DBSCAN,norm,1,"{'eps': 16, 'min_samples': 8}",,
osnet,DBSCAN,norm,1,"{'eps': 20, 'min_samples': 8}",,
osnet,DBSCAN,norm,1,"{'eps': 24, 'min_samples': 8}",,
osnet,DBSCAN,norm,1,"{'eps': 32, 'min_samples': 8}",,
osnet,DBSCAN,norm,1,"{'eps': 48, 'min_samples': 8}",,
osnet,DBSCAN,norm,14,"{'eps': 1, 'min_samples': 16}",74.96610819190101,3.1395620024421236
osnet,DBSCAN,norm,2,"{'eps': 2, 'min_samples': 16}",7.840547823614988,2.1205189268689746
osnet,DBSCAN,norm,1,"{'eps': 8, 'min_samples': 16}",,
osnet,DBSCAN,norm,1,"{'eps': 12, 'min_samples': 16}",,
osnet,DBSCAN,norm,1,"{'eps': 16, 'min_samples': 16}",,
osnet,DBSCAN,norm,1,"{'eps': 20, 'min_samples': 16}",,
osnet,DBSCAN,norm,1,"{'eps': 24, 'min_samples': 16}",,
osnet,DBSCAN,norm,1,"{'eps': 32, 'min_samples': 16}",,
osnet,DBSCAN,norm,1,"{'eps': 48, 'min_samples': 16}",,
osnet,DBSCAN,norm,6,"{'eps': 1, 'min_samples': 32}",128.88517509428416,4.86593022527875
osnet,DBSCAN,norm,2,"{'eps': 2, 'min_samples': 32}",7.840547823614988,2.1205189268689746
osnet,DBSCAN,norm,1,"{'eps': 8, 'min_samples': 32}",,
osnet,DBSCAN,norm,1,"{'eps': 12, 'min_samples': 32}",,
osnet,DBSCAN,norm,1,"{'eps': 16, 'min_samples': 32}",,
osnet,DBSCAN,norm,1,"{'eps': 20, 'min_samples': 32}",,
osnet,DBSCAN,norm,1,"{'eps': 24, 'min_samples': 32}",,
osnet,DBSCAN,norm,1,"{'eps': 32, 'min_samples': 32}",,
osnet,DBSCAN,norm,1,"{'eps': 48, 'min_samples': 32}",,
osnet,DBSCAN,norm,5,"{'eps': 1, 'min_samples': 64}",182.59380528242298,5.069501331767175
osnet,DBSCAN,norm,2,"{'eps': 2, 'min_samples': 64}",15.459471453244351,1.9068149524330804
osnet,DBSCAN,norm,1,"{'eps': 8, 'min_samples': 64}",,
osnet,DBSCAN,norm,1,"{'eps': 12, 'min_samples': 64}",,
osnet,DBSCAN,norm,1,"{'eps': 16, 'min_samples': 64}",,
osnet,DBSCAN,norm,1,"{'eps': 20, 'min_samples': 64}",,
osnet,DBSCAN,norm,1,"{'eps': 24, 'min_samples': 64}",,
osnet,DBSCAN,norm,1,"{'eps': 32, 'min_samples': 64}",,
osnet,DBSCAN,norm,1,"{'eps': 48, 'min_samples': 64}",,
osnet,DBSCAN,norm,3,"{'eps': 1, 'min_samples': 128}",283.96341266649677,6.802102392397135
osnet,DBSCAN,norm,2,"{'eps': 2, 'min_samples': 128}",14.808030290386176,2.1186375657891823
osnet,DBSCAN,norm,1,"{'eps': 8, 'min_samples': 128}",,
osnet,DBSCAN,norm,1,"{'eps': 12, 'min_samples': 128}",,
osnet,DBSCAN,norm,1,"{'eps': 16, 'min_samples': 128}",,
osnet,DBSCAN,norm,1,"{'eps': 20, 'min_samples': 128}",,
osnet,DBSCAN,norm,1,"{'eps': 24, 'min_samples': 128}",,
osnet,DBSCAN,norm,1,"{'eps': 32, 'min_samples': 128}",,
osnet,DBSCAN,norm,1,"{'eps': 48, 'min_samples': 128}",,
osnet,DBSCAN,norm,2,"{'eps': 1, 'min_samples': 256}",530.2026357505755,8.269677854007686
osnet,DBSCAN,norm,2,"{'eps': 2, 'min_samples': 256}",25.872725302009556,1.9725222650511856
osnet,DBSCAN,norm,1,"{'eps': 8, 'min_samples': 256}",,
osnet,DBSCAN,norm,1,"{'eps': 12, 'min_samples': 256}",,
osnet,DBSCAN,norm,1,"{'eps': 16, 'min_samples': 256}",,
osnet,DBSCAN,norm,1,"{'eps': 20, 'min_samples': 256}",,
osnet,DBSCAN,norm,1,"{'eps': 24, 'min_samples': 256}",,
osnet,DBSCAN,norm,1,"{'eps': 32, 'min_samples': 256}",,
osnet,DBSCAN,norm,1,"{'eps': 48, 'min_samples': 256}",,
osnet,DBSCAN,standard,1,"{'eps': 1, 'min_samples': 8}",,
osnet,DBSCAN,standard,1,"{'eps': 2, 'min_samples': 8}",,
osnet,DBSCAN,standard,50,"{'eps': 8, 'min_samples': 8}",10.844390591547175,2.4591474344566957
osnet,DBSCAN,standard,25,"{'eps': 12, 'min_samples': 8}",36.84255907169063,2.836577239711557
osnet,DBSCAN,standard,5,"{'eps': 16, 'min_samples': 8}",44.265072796617964,4.147506818609375
osnet,DBSCAN,standard,2,"{'eps': 20, 'min_samples': 8}",22.73378053300235,3.9972964616287574
osnet,DBSCAN,standard,2,"{'eps': 24, 'min_samples': 8}",10.934320213804085,1.30248676734423
osnet,DBSCAN,standard,1,"{'eps': 32, 'min_samples': 8}",,
osnet,DBSCAN,standard,1,"{'eps': 48, 'min_samples': 8}",,
osnet,DBSCAN,standard,1,"{'eps': 1, 'min_samples': 16}",,
osnet,DBSCAN,standard,1,"{'eps': 2, 'min_samples': 16}",,
osnet,DBSCAN,standard,11,"{'eps': 8, 'min_samples': 16}",18.847318805030238,3.2225356092275472
osnet,DBSCAN,standard,10,"{'eps': 12, 'min_samples': 16}",54.7628223552376,4.387143240500118
osnet,DBSCAN,standard,5,"{'eps': 16, 'min_samples': 16}",72.14535543997518,4.327624138127158
osnet,DBSCAN,standard,2,"{'eps': 20, 'min_samples': 16}",26.007365375226655,4.077587056641642
osnet,DBSCAN,standard,2,"{'eps': 24, 'min_samples': 16}",10.934320213804085,1.30248676734423
osnet,DBSCAN,standard,1,"{'eps': 32, 'min_samples': 16}",,
osnet,DBSCAN,standard,1,"{'eps': 48, 'min_samples': 16}",,
osnet,DBSCAN,standard,1,"{'eps': 1, 'min_samples': 32}",,
osnet,DBSCAN,standard,1,"{'eps': 2, 'min_samples': 32}",,
osnet,DBSCAN,standard,2,"{'eps': 8, 'min_samples': 32}",66.28719977573928,4.473561141972083
osnet,DBSCAN,standard,2,"{'eps': 12, 'min_samples': 32}",160.6952346845863,14.585064019339962
osnet,DBSCAN,standard,2,"{'eps': 16, 'min_samples': 32}",129.51137060690195,7.758030698121485
osnet,DBSCAN,standard,2,"{'eps': 20, 'min_samples': 32}",56.61342020310606,3.4519231927852165
osnet,DBSCAN,standard,2,"{'eps': 24, 'min_samples': 32}",10.934320213804085,1.30248676734423
osnet,DBSCAN,standard,1,"{'eps': 32, 'min_samples': 32}",,
osnet,DBSCAN,standard,1,"{'eps': 48, 'min_samples': 32}",,
osnet,DBSCAN,standard,1,"{'eps': 1, 'min_samples': 64}",,
osnet,DBSCAN,standard,1,"{'eps': 2, 'min_samples': 64}",,
osnet,DBSCAN,standard,2,"{'eps': 8, 'min_samples': 64}",49.70266342502006,3.936250293248535
osnet,DBSCAN,standard,2,"{'eps': 12, 'min_samples': 64}",166.8887266493484,14.72468151920688
osnet,DBSCAN,standard,2,"{'eps': 16, 'min_samples': 64}",173.14591914755908,7.784308060772906
osnet,DBSCAN,standard,2,"{'eps': 20, 'min_samples': 64}",60.93235157675294,3.804307207845044
osnet,DBSCAN,standard,2,"{'eps': 24, 'min_samples': 64}",10.934320213804085,1.30248676734423
osnet,DBSCAN,standard,1,"{'eps': 32, 'min_samples': 64}",,
osnet,DBSCAN,standard,1,"{'eps': 48, 'min_samples': 64}",,
osnet,DBSCAN,standard,1,"{'eps': 1, 'min_samples': 128}",,
osnet,DBSCAN,standard,1,"{'eps': 2, 'min_samples': 128}",,
osnet,DBSCAN,standard,1,"{'eps': 8, 'min_samples': 128}",,
osnet,DBSCAN,standard,2,"{'eps': 12, 'min_samples': 128}",173.81795140931473,14.813498387379129
osnet,DBSCAN,standard,2,"{'eps': 16, 'min_samples': 128}",184.54318313704138,7.914036004573925
osnet,DBSCAN,standard,2,"{'eps': 20, 'min_samples': 128}",64.83789775275562,3.904866013574195
osnet,DBSCAN,standard,2,"{'eps': 24, 'min_samples': 128}",10.934320213804085,1.30248676734423
osnet,DBSCAN,standard,1,"{'eps': 32, 'min_samples': 128}",,
osnet,DBSCAN,standard,1,"{'eps': 48, 'min_samples': 128}",,
osnet,DBSCAN,standard,1,"{'eps': 1, 'min_samples': 256}",,
osnet,DBSCAN,standard,1,"{'eps': 2, 'min_samples': 256}",,
osnet,DBSCAN,standard,1,"{'eps': 8, 'min_samples': 256}",,
osnet,DBSCAN,standard,2,"{'eps': 12, 'min_samples': 256}",173.90856557637397,15.032848355905882
osnet,DBSCAN,standard,2,"{'eps': 16, 'min_samples': 256}",186.91057052119095,8.000609901468113
osnet,DBSCAN,standard,2,"{'eps': 20, 'min_samples': 256}",68.74634502715898,3.9271185158729676
osnet,DBSCAN,standard,2,"{'eps': 24, 'min_samples': 256}",10.934320213804085,1.30248676734423
osnet,DBSCAN,standard,1,"{'eps': 32, 'min_samples': 256}",,
osnet,DBSCAN,standard,1,"{'eps': 48, 'min_samples': 256}",,
osnet,HDBSCAN,norm,4,{'min_cluster_size': 4},26.419852476058303,3.256233735666424
osnet,HDBSCAN,norm,18,{'min_cluster_size': 8},66.35359000448696,2.4740206024891984
osnet,HDBSCAN,norm,14,{'min_cluster_size': 12},74.99613088885525,2.6943316441680496
osnet,HDBSCAN,norm,10,{'min_cluster_size': 16},90.42694989683373,3.065217791616652
osnet,HDBSCAN,norm,6,{'min_cluster_size': 24},127.71885857530573,4.20162440226986
osnet,HDBSCAN,norm,21,{'min_cluster_size': 32},100.45177755636858,3.012364278425011
osnet,HDBSCAN,norm,10,{'min_cluster_size': 48},121.80516152606265,3.4935758741740592
osnet,HDBSCAN,standard,7,{'min_cluster_size': 4},40.05517242597573,3.5751116800051435
osnet,HDBSCAN,standard,17,{'min_cluster_size': 8},59.14564910743238,3.0887145909294054
osnet,HDBSCAN,standard,14,{'min_cluster_size': 12},59.985526736279965,3.305388421624517
osnet,HDBSCAN,standard,8,{'min_cluster_size': 16},81.18144185963584,4.4184741722226715
osnet,HDBSCAN,standard,5,{'min_cluster_size': 24},87.02944977095876,6.1082039378964605
osnet,HDBSCAN,standard,3,{'min_cluster_size': 32},70.96364020086257,6.224486866692414
osnet,HDBSCAN,standard,9,{'min_cluster_size': 48},110.28120739687996,4.399025903701171
vdc_color,DBSCAN,norm,3,"{'eps': 1, 'min_samples': 8}",86.19795469219399,10.374620408354177
vdc_color,DBSCAN,norm,2,"{'eps': 2, 'min_samples': 8}",5.5139264717387775,0.419597045202594
vdc_color,DBSCAN,norm,1,"{'eps': 8, 'min_samples': 8}",,
vdc_color,DBSCAN,norm,1,"{'eps': 12, 'min_samples': 8}",,
vdc_color,DBSCAN,norm,1,"{'eps': 16, 'min_samples': 8}",,
vdc_color,DBSCAN,norm,1,"{'eps': 20, 'min_samples': 8}",,
vdc_color,DBSCAN,norm,1,"{'eps': 24, 'min_samples': 8}",,
vdc_color,DBSCAN,norm,1,"{'eps': 32, 'min_samples': 8}",,
vdc_color,DBSCAN,norm,1,"{'eps': 48, 'min_samples': 8}",,
vdc_color,DBSCAN,norm,2,"{'eps': 1, 'min_samples': 16}",172.78929572459393,14.46774370945513
vdc_color,DBSCAN,norm,2,"{'eps': 2, 'min_samples': 16}",5.5139264717387775,0.419597045202594
vdc_color,DBSCAN,norm,1,"{'eps': 8, 'min_samples': 16}",,
vdc_color,DBSCAN,norm,1,"{'eps': 12, 'min_samples': 16}",,
vdc_color,DBSCAN,norm,1,"{'eps': 16, 'min_samples': 16}",,
vdc_color,DBSCAN,norm,1,"{'eps': 20, 'min_samples': 16}",,
vdc_color,DBSCAN,norm,1,"{'eps': 24, 'min_samples': 16}",,
vdc_color,DBSCAN,norm,1,"{'eps': 32, 'min_samples': 16}",,
vdc_color,DBSCAN,norm,1,"{'eps': 48, 'min_samples': 16}",,
vdc_color,DBSCAN,norm,2,"{'eps': 1, 'min_samples': 32}",176.50431711005743,14.494997390365805
vdc_color,DBSCAN,norm,2,"{'eps': 2, 'min_samples': 32}",5.5139264717387775,0.419597045202594
vdc_color,DBSCAN,norm,1,"{'eps': 8, 'min_samples': 32}",,
vdc_color,DBSCAN,norm,1,"{'eps': 12, 'min_samples': 32}",,
vdc_color,DBSCAN,norm,1,"{'eps': 16, 'min_samples': 32}",,
vdc_color,DBSCAN,norm,1,"{'eps': 20, 'min_samples': 32}",,
vdc_color,DBSCAN,norm,1,"{'eps': 24, 'min_samples': 32}",,
vdc_color,DBSCAN,norm,1,"{'eps': 32, 'min_samples': 32}",,
vdc_color,DBSCAN,norm,1,"{'eps': 48, 'min_samples': 32}",,
vdc_color,DBSCAN,norm,2,"{'eps': 1, 'min_samples': 64}",179.98259162960517,14.51364992094347
vdc_color,DBSCAN,norm,2,"{'eps': 2, 'min_samples': 64}",5.5139264717387775,0.419597045202594
vdc_color,DBSCAN,norm,1,"{'eps': 8, 'min_samples': 64}",,
vdc_color,DBSCAN,norm,1,"{'eps': 12, 'min_samples': 64}",,
vdc_color,DBSCAN,norm,1,"{'eps': 16, 'min_samples': 64}",,
vdc_color,DBSCAN,norm,1,"{'eps': 20, 'min_samples': 64}",,
vdc_color,DBSCAN,norm,1,"{'eps': 24, 'min_samples': 64}",,
vdc_color,DBSCAN,norm,1,"{'eps': 32, 'min_samples': 64}",,
vdc_color,DBSCAN,norm,1,"{'eps': 48, 'min_samples': 64}",,
vdc_color,DBSCAN,norm,2,"{'eps': 1, 'min_samples': 128}",182.61992289456782,14.551271980949593
vdc_color,DBSCAN,norm,2,"{'eps': 2, 'min_samples': 128}",5.5139264717387775,0.419597045202594
vdc_color,DBSCAN,norm,1,"{'eps': 8, 'min_samples': 128}",,
vdc_color,DBSCAN,norm,1,"{'eps': 12, 'min_samples': 128}",,
vdc_color,DBSCAN,norm,1,"{'eps': 16, 'min_samples': 128}",,
vdc_color,DBSCAN,norm,1,"{'eps': 20, 'min_samples': 128}",,
vdc_color,DBSCAN,norm,1,"{'eps': 24, 'min_samples': 128}",,
vdc_color,DBSCAN,norm,1,"{'eps': 32, 'min_samples': 128}",,
vdc_color,DBSCAN,norm,1,"{'eps': 48, 'min_samples': 128}",,
vdc_color,DBSCAN,norm,2,"{'eps': 1, 'min_samples': 256}",185.9606898326252,14.563256922008778
vdc_color,DBSCAN,norm,2,"{'eps': 2, 'min_samples': 256}",5.5139264717387775,0.419597045202594
vdc_color,DBSCAN,norm,1,"{'eps': 8, 'min_samples': 256}",,
vdc_color,DBSCAN,norm,1,"{'eps': 12, 'min_samples': 256}",,
vdc_color,DBSCAN,norm,1,"{'eps': 16, 'min_samples': 256}",,
vdc_color,DBSCAN,norm,1,"{'eps': 20, 'min_samples': 256}",,
vdc_color,DBSCAN,norm,1,"{'eps': 24, 'min_samples': 256}",,
vdc_color,DBSCAN,norm,1,"{'eps': 32, 'min_samples': 256}",,
vdc_color,DBSCAN,norm,1,"{'eps': 48, 'min_samples': 256}",,
vdc_color,DBSCAN,standard,1,"{'eps': 1, 'min_samples': 8}",,
vdc_color,DBSCAN,standard,1,"{'eps': 2, 'min_samples': 8}",,
vdc_color,DBSCAN,standard,8,"{'eps': 8, 'min_samples': 8}",24.154034721979695,4.314926579461523
vdc_color,DBSCAN,standard,3,"{'eps': 12, 'min_samples': 8}",83.63012817264391,6.403447416008358
vdc_color,DBSCAN,standard,2,"{'eps': 16, 'min_samples': 8}",36.22231720500325,3.806199755954694
vdc_color,DBSCAN,standard,2,"{'eps': 20, 'min_samples': 8}",5.941573413443377,0.4038074993036386
vdc_color,DBSCAN,standard,1,"{'eps': 24, 'min_samples': 8}",,
vdc_color,DBSCAN,standard,1,"{'eps': 32, 'min_samples': 8}",,
vdc_color,DBSCAN,standard,1,"{'eps': 48, 'min_samples': 8}",,
vdc_color,DBSCAN,standard,1,"{'eps': 1, 'min_samples': 16}",,
vdc_color,DBSCAN,standard,1,"{'eps': 2, 'min_samples': 16}",,
vdc_color,DBSCAN,standard,2,"{'eps': 8, 'min_samples': 16}",110.44481723860477,9.955558368313422
vdc_color,DBSCAN,standard,2,"{'eps': 12, 'min_samples': 16}",154.92534916989905,8.627605264274791
vdc_color,DBSCAN,standard,2,"{'eps': 16, 'min_samples': 16}",36.18094736105648,3.8373873393094744
vdc_color,DBSCAN,standard,2,"{'eps': 20, 'min_samples': 16}",5.941573413443377,0.4038074993036386
vdc_color,DBSCAN,standard,1,"{'eps': 24, 'min_samples': 16}",,
vdc_color,DBSCAN,standard,1,"{'eps': 32, 'min_samples': 16}",,
vdc_color,DBSCAN,standard,1,"{'eps': 48, 'min_samples': 16}",,
vdc_color,DBSCAN,standard,1,"{'eps': 1, 'min_samples': 32}",,
vdc_color,DBSCAN,standard,1,"{'eps': 2, 'min_samples': 32}",,
vdc_color,DBSCAN,standard,5,"{'eps': 8, 'min_samples': 32}",35.34078240756058,5.453260022571217
vdc_color,DBSCAN,standard,2,"{'eps': 12, 'min_samples': 32}",156.8947401499017,8.660234827778146
vdc_color,DBSCAN,standard,2,"{'eps': 16, 'min_samples': 32}",39.44433551487612,3.81136169124404
vdc_color,DBSCAN,standard,2,"{'eps': 20, 'min_samples': 32}",5.941573413443377,0.4038074993036386
vdc_color,DBSCAN,standard,1,"{'eps': 24, 'min_samples': 32}",,
vdc_color,DBSCAN,standard,1,"{'eps': 32, 'min_samples': 32}",,
vdc_color,DBSCAN,standard,1,"{'eps': 48, 'min_samples': 32}",,
vdc_color,DBSCAN,standard,1,"{'eps': 1, 'min_samples': 64}",,
vdc_color,DBSCAN,standard,1,"{'eps': 2, 'min_samples': 64}",,
vdc_color,DBSCAN,standard,2,"{'eps': 8, 'min_samples': 64}",81.78751504789712,8.278831334860492
vdc_color,DBSCAN,standard,2,"{'eps': 12, 'min_samples': 64}",160.0088323663589,8.689972292293469
vdc_color,DBSCAN,standard,2,"{'eps': 16, 'min_samples': 64}",40.31603700095111,3.8540299002750036
vdc_color,DBSCAN,standard,2,"{'eps': 20, 'min_samples': 64}",5.941573413443377,0.4038074993036386
vdc_color,DBSCAN,standard,1,"{'eps': 24, 'min_samples': 64}",,
vdc_color,DBSCAN,standard,1,"{'eps': 32, 'min_samples': 64}",,
vdc_color,DBSCAN,standard,1,"{'eps': 48, 'min_samples': 64}",,
vdc_color,DBSCAN,standard,1,"{'eps': 1, 'min_samples': 128}",,
vdc_color,DBSCAN,standard,1,"{'eps': 2, 'min_samples': 128}",,
vdc_color,DBSCAN,standard,2,"{'eps': 8, 'min_samples': 128}",55.64307447079514,7.410905583548202
vdc_color,DBSCAN,standard,2,"{'eps': 12, 'min_samples': 128}",161.69587457323772,8.734754530504226
vdc_color,DBSCAN,standard,2,"{'eps': 16, 'min_samples': 128}",42.52808130491876,3.849881126096707
vdc_color,DBSCAN,standard,2,"{'eps': 20, 'min_samples': 128}",5.941573413443377,0.4038074993036386
vdc_color,DBSCAN,standard,1,"{'eps': 24, 'min_samples': 128}",,
vdc_color,DBSCAN,standard,1,"{'eps': 32, 'min_samples': 128}",,
vdc_color,DBSCAN,standard,1,"{'eps': 48, 'min_samples': 128}",,
vdc_color,DBSCAN,standard,1,"{'eps': 1, 'min_samples': 256}",,
vdc_color,DBSCAN,standard,1,"{'eps': 2, 'min_samples': 256}",,
vdc_color,DBSCAN,standard,2,"{'eps': 8, 'min_samples': 256}",28.133158870622214,6.54210061383477
vdc_color,DBSCAN,standard,2,"{'eps': 12, 'min_samples': 256}",163.82462811701788,8.788804988442998
vdc_color,DBSCAN,standard,2,"{'eps': 16, 'min_samples': 256}",47.59006633616259,3.7459248792298543
vdc_color,DBSCAN,standard,2,"{'eps': 20, 'min_samples': 256}",5.941573413443377,0.4038074993036386
vdc_color,DBSCAN,standard,1,"{'eps': 24, 'min_samples': 256}",,
vdc_color,DBSCAN,standard,1,"{'eps': 32, 'min_samples': 256}",,
vdc_color,DBSCAN,standard,1,"{'eps': 48, 'min_samples': 256}",,
vdc_color,HDBSCAN,norm,3,{'min_cluster_size': 4},34.03982622137302,3.96052524927936
vdc_color,HDBSCAN,norm,3,{'min_cluster_size': 8},63.90285724729619,7.969126714838975
vdc_color,HDBSCAN,norm,3,{'min_cluster_size': 12},62.708898179359934,7.908663155482771
vdc_color,HDBSCAN,norm,1,{'min_cluster_size': 16},,
vdc_color,HDBSCAN,norm,1,{'min_cluster_size': 24},,
vdc_color,HDBSCAN,norm,3,{'min_cluster_size': 32},88.84432463109691,9.717434663007245
vdc_color,HDBSCAN,norm,3,{'min_cluster_size': 48},39.81014419127433,6.7315958393778175
vdc_color,HDBSCAN,standard,3,{'min_cluster_size': 4},36.16524757423818,3.6759403353374025
vdc_color,HDBSCAN,standard,3,{'min_cluster_size': 8},99.07561790285531,8.821774770367112
vdc_color,HDBSCAN,standard,3,{'min_cluster_size': 12},64.89463984272166,7.59470119790618
vdc_color,HDBSCAN,standard,1,{'min_cluster_size': 16},,
vdc_color,HDBSCAN,standard,1,{'min_cluster_size': 24},,
vdc_color,HDBSCAN,standard,4,{'min_cluster_size': 32},67.91816524484261,7.818343726261549
vdc_color,HDBSCAN,standard,3,{'min_cluster_size': 48},36.66864778271045,6.74596019845277
vdc_type,DBSCAN,norm,9,"{'eps': 1, 'min_samples': 8}",30.786194482835423,4.783579858625384
vdc_type,DBSCAN,norm,2,"{'eps': 2, 'min_samples': 8}",26.142021127808533,2.2260004335563295
vdc_type,DBSCAN,norm,1,"{'eps': 8, 'min_samples': 8}",,
vdc_type,DBSCAN,norm,1,"{'eps': 12, 'min_samples': 8}",,
vdc_type,DBSCAN,norm,1,"{'eps': 16, 'min_samples': 8}",,
vdc_type,DBSCAN,norm,1,"{'eps': 20, 'min_samples': 8}",,
vdc_type,DBSCAN,norm,1,"{'eps': 24, 'min_samples': 8}",,
vdc_type,DBSCAN,norm,1,"{'eps': 32, 'min_samples': 8}",,
vdc_type,DBSCAN,norm,1,"{'eps': 48, 'min_samples': 8}",,
vdc_type,DBSCAN,norm,5,"{'eps': 1, 'min_samples': 16}",52.414134160338584,7.274508904128702
vdc_type,DBSCAN,norm,2,"{'eps': 2, 'min_samples': 16}",33.10302992770996,2.11224736160855
vdc_type,DBSCAN,norm,1,"{'eps': 8, 'min_samples': 16}",,
vdc_type,DBSCAN,norm,1,"{'eps': 12, 'min_samples': 16}",,
vdc_type,DBSCAN,norm,1,"{'eps': 16, 'min_samples': 16}",,
vdc_type,DBSCAN,norm,1,"{'eps': 20, 'min_samples': 16}",,
vdc_type,DBSCAN,norm,1,"{'eps': 24, 'min_samples': 16}",,
vdc_type,DBSCAN,norm,1,"{'eps': 32, 'min_samples': 16}",,
vdc_type,DBSCAN,norm,1,"{'eps': 48, 'min_samples': 16}",,
vdc_type,DBSCAN,norm,3,"{'eps': 1, 'min_samples': 32}",99.195071181847,10.746866759461149
vdc_type,DBSCAN,norm,2,"{'eps': 2, 'min_samples': 32}",36.14676088276427,2.162483694353395
vdc_type,DBSCAN,norm,1,"{'eps': 8, 'min_samples': 32}",,
vdc_type,DBSCAN,norm,1,"{'eps': 12, 'min_samples': 32}",,
vdc_type,DBSCAN,norm,1,"{'eps': 16, 'min_samples': 32}",,
vdc_type,DBSCAN,norm,1,"{'eps': 20, 'min_samples': 32}",,
vdc_type,DBSCAN,norm,1,"{'eps': 24, 'min_samples': 32}",,
vdc_type,DBSCAN,norm,1,"{'eps': 32, 'min_samples': 32}",,
vdc_type,DBSCAN,norm,1,"{'eps': 48, 'min_samples': 32}",,
vdc_type,DBSCAN,norm,2,"{'eps': 1, 'min_samples': 64}",178.88339785225628,15.078952085680966
vdc_type,DBSCAN,norm,2,"{'eps': 2, 'min_samples': 64}",54.164609485046505,1.99717695291755
vdc_type,DBSCAN,norm,1,"{'eps': 8, 'min_samples': 64}",,
vdc_type,DBSCAN,norm,1,"{'eps': 12, 'min_samples': 64}",,
vdc_type,DBSCAN,norm,1,"{'eps': 16, 'min_samples': 64}",,
vdc_type,DBSCAN,norm,1,"{'eps': 20, 'min_samples': 64}",,
vdc_type,DBSCAN,norm,1,"{'eps': 24, 'min_samples': 64}",,
vdc_type,DBSCAN,norm,1,"{'eps': 32, 'min_samples': 64}",,
vdc_type,DBSCAN,norm,1,"{'eps': 48, 'min_samples': 64}",,
vdc_type,DBSCAN,norm,2,"{'eps': 1, 'min_samples': 128}",181.415733775335,14.963860641757188
vdc_type,DBSCAN,norm,2,"{'eps': 2, 'min_samples': 128}",57.24116628372528,1.9750670277985274
vdc_type,DBSCAN,norm,1,"{'eps': 8, 'min_samples': 128}",,
vdc_type,DBSCAN,norm,1,"{'eps': 12, 'min_samples': 128}",,
vdc_type,DBSCAN,norm,1,"{'eps': 16, 'min_samples': 128}",,
vdc_type,DBSCAN,norm,1,"{'eps': 20, 'min_samples': 128}",,
vdc_type,DBSCAN,norm,1,"{'eps': 24, 'min_samples': 128}",,
vdc_type,DBSCAN,norm,1,"{'eps': 32, 'min_samples': 128}",,
vdc_type,DBSCAN,norm,1,"{'eps': 48, 'min_samples': 128}",,
vdc_type,DBSCAN,norm,2,"{'eps': 1, 'min_samples': 256}",182.63169619914945,14.678002789674656
vdc_type,DBSCAN,norm,2,"{'eps': 2, 'min_samples': 256}",56.61927761278233,2.084929418563906
vdc_type,DBSCAN,norm,1,"{'eps': 8, 'min_samples': 256}",,
vdc_type,DBSCAN,norm,1,"{'eps': 12, 'min_samples': 256}",,
vdc_type,DBSCAN,norm,1,"{'eps': 16, 'min_samples': 256}",,
vdc_type,DBSCAN,norm,1,"{'eps': 20, 'min_samples': 256}",,
vdc_type,DBSCAN,norm,1,"{'eps': 24, 'min_samples': 256}",,
vdc_type,DBSCAN,norm,1,"{'eps': 32, 'min_samples': 256}",,
vdc_type,DBSCAN,norm,1,"{'eps': 48, 'min_samples': 256}",,
vdc_type,DBSCAN,standard,1,"{'eps': 1, 'min_samples': 8}",,
vdc_type,DBSCAN,standard,1,"{'eps': 2, 'min_samples': 8}",,
vdc_type,DBSCAN,standard,23,"{'eps': 8, 'min_samples': 8}",8.082291059435244,2.5389886414955654
vdc_type,DBSCAN,standard,10,"{'eps': 12, 'min_samples': 8}",30.894686467559843,4.434120555852829
vdc_type,DBSCAN,standard,2,"{'eps': 16, 'min_samples': 8}",106.89150493793002,6.234494407264383
vdc_type,DBSCAN,standard,2,"{'eps': 20, 'min_samples': 8}",71.0334022937648,3.0994110234756844
vdc_type,DBSCAN,standard,2,"{'eps': 24, 'min_samples': 8}",27.03738366242751,2.046573902715297
vdc_type,DBSCAN,standard,2,"{'eps': 32, 'min_samples': 8}",12.256092424335634,1.1374028393989952
vdc_type,DBSCAN,standard,1,"{'eps': 48, 'min_samples': 8}",,
vdc_type,DBSCAN,standard,1,"{'eps': 1, 'min_samples': 16}",,
vdc_type,DBSCAN,standard,1,"{'eps': 2, 'min_samples': 16}",,
vdc_type,DBSCAN,standard,5,"{'eps': 8, 'min_samples': 16}",7.474315181345011,2.9493881353628337
vdc_type,DBSCAN,standard,5,"{'eps': 12, 'min_samples': 16}",52.741393654613944,7.1631614952724645
vdc_type,DBSCAN,standard,2,"{'eps': 16, 'min_samples': 16}",118.45353377118714,6.321613874422079
vdc_type,DBSCAN,standard,2,"{'eps': 20, 'min_samples': 16}",97.59714477141122,2.9019674714216723
vdc_type,DBSCAN,standard,2,"{'eps': 24, 'min_samples': 16}",31.41528787551889,1.9920150634061349
vdc_type,DBSCAN,standard,2,"{'eps': 32, 'min_samples': 16}",12.256092424335634,1.1374028393989952
vdc_type,DBSCAN,standard,1,"{'eps': 48, 'min_samples': 16}",,
vdc_type,DBSCAN,standard,1,"{'eps': 1, 'min_samples': 32}",,
vdc_type,DBSCAN,standard,1,"{'eps': 2, 'min_samples': 32}",,
vdc_type,DBSCAN,standard,1,"{'eps': 8, 'min_samples': 32}",,
vdc_type,DBSCAN,standard,2,"{'eps': 12, 'min_samples': 32}",150.81367539480732,14.985923188772231
vdc_type,DBSCAN,standard,2,"{'eps': 16, 'min_samples': 32}",130.87900572131122,6.384528517666837
vdc_type,DBSCAN,standard,2,"{'eps': 20, 'min_samples': 32}",110.18452167712304,2.9609754975541556
vdc_type,DBSCAN,standard,2,"{'eps': 24, 'min_samples': 32}",36.031262967337994,1.9503168559168034
vdc_type,DBSCAN,standard,2,"{'eps': 32, 'min_samples': 32}",12.256092424335634,1.1374028393989952
vdc_type,DBSCAN,standard,1,"{'eps': 48, 'min_samples': 32}",,
vdc_type,DBSCAN,standard,1,"{'eps': 1, 'min_samples': 64}",,
vdc_type,DBSCAN,standard,1,"{'eps': 2, 'min_samples': 64}",,
vdc_type,DBSCAN,standard,1,"{'eps': 8, 'min_samples': 64}",,
vdc_type,DBSCAN,standard,2,"{'eps': 12, 'min_samples': 64}",156.17669571391016,15.151447467343194
vdc_type,DBSCAN,standard,2,"{'eps': 16, 'min_samples': 64}",135.2177542606873,6.558345822070809
vdc_type,DBSCAN,standard,2,"{'eps': 20, 'min_samples': 64}",115.12374406427277,2.9881233331308357
vdc_type,DBSCAN,standard,2,"{'eps': 24, 'min_samples': 64}",53.18368062503625,1.7927161183125568
vdc_type,DBSCAN,standard,2,"{'eps': 32, 'min_samples': 64}",12.256092424335634,1.1374028393989952
vdc_type,DBSCAN,standard,1,"{'eps': 48, 'min_samples': 64}",,
vdc_type,DBSCAN,standard,1,"{'eps': 1, 'min_samples': 128}",,
vdc_type,DBSCAN,standard,1,"{'eps': 2, 'min_samples': 128}",,
vdc_type,DBSCAN,standard,1,"{'eps': 8, 'min_samples': 128}",,
vdc_type,DBSCAN,standard,2,"{'eps': 12, 'min_samples': 128}",158.364957964158,15.400634091480978
vdc_type,DBSCAN,standard,2,"{'eps': 16, 'min_samples': 128}",138.18075155351127,6.671827599405114
vdc_type,DBSCAN,standard,2,"{'eps': 20, 'min_samples': 128}",115.12374406427277,2.9881233331308357
vdc_type,DBSCAN,standard,2,"{'eps': 24, 'min_samples': 128}",62.320346469665004,1.7184104340959407
vdc_type,DBSCAN,standard,2,"{'eps': 32, 'min_samples': 128}",12.256092424335634,1.1374028393989952
vdc_type,DBSCAN,standard,1,"{'eps': 48, 'min_samples': 128}",,
vdc_type,DBSCAN,standard,1,"{'eps': 1, 'min_samples': 256}",,
vdc_type,DBSCAN,standard,1,"{'eps': 2, 'min_samples': 256}",,
vdc_type,DBSCAN,standard,1,"{'eps': 8, 'min_samples': 256}",,
vdc_type,DBSCAN,standard,2,"{'eps': 12, 'min_samples': 256}",159.93292668191242,15.597698302256482
vdc_type,DBSCAN,standard,2,"{'eps': 16, 'min_samples': 256}",138.23296104677272,6.789219285954442
vdc_type,DBSCAN,standard,2,"{'eps': 20, 'min_samples': 256}",120.31059647505903,3.0825586335856157
vdc_type,DBSCAN,standard,2,"{'eps': 24, 'min_samples': 256}",62.320346469665004,1.7184104340959407
vdc_type,DBSCAN,standard,2,"{'eps': 32, 'min_samples': 256}",12.256092424335634,1.1374028393989952
vdc_type,DBSCAN,standard,1,"{'eps': 48, 'min_samples': 256}",,
vdc_type,HDBSCAN,norm,3,{'min_cluster_size': 4},58.41755279751755,3.8953648137904007
vdc_type,HDBSCAN,norm,6,{'min_cluster_size': 8},44.34171336373746,6.331630228925037
vdc_type,HDBSCAN,norm,3,{'min_cluster_size': 12},91.62920484321282,10.886667997074285
vdc_type,HDBSCAN,norm,4,{'min_cluster_size': 16},40.21554346710629,7.689986748664467
vdc_type,HDBSCAN,norm,3,{'min_cluster_size': 24},36.1539174433427,8.51542417259
vdc_type,HDBSCAN,norm,5,{'min_cluster_size': 32},57.19083682497356,8.486809477539575
vdc_type,HDBSCAN,norm,3,{'min_cluster_size': 48},93.7704375777892,12.275103445462271
vdc_type,HDBSCAN,standard,3,{'min_cluster_size': 4},65.7233346279403,3.7443966603187584
vdc_type,HDBSCAN,standard,7,{'min_cluster_size': 8},36.00819237374591,5.878211219864939
vdc_type,HDBSCAN,standard,3,{'min_cluster_size': 12},80.83357509605709,11.54369491297448
vdc_type,HDBSCAN,standard,4,{'min_cluster_size': 16},38.664474873979636,7.853253724382248
vdc_type,HDBSCAN,standard,3,{'min_cluster_size': 24},14.295754250174205,5.188227299912391
vdc_type,HDBSCAN,standard,3,{'min_cluster_size': 32},76.25706435163396,11.438804892712787
vdc_type,HDBSCAN,standard,3,{'min_cluster_size': 48},81.67618969904973,13.000667197630356
